artifact,bytes,sha256,role
src/pilot/nrw_election_register.py,18742,bf4212e399e91d2e162c17cf6dd3d05408cf84bfae66bd1b400bc0f1f8d8fefc,prior_acquisition_baseline
src/pilot/nrw_phase_linkage.py,24265,68f66f9314d274dc71cb4058e517e2615333f7e32914a9b2c66b0039fb02603f,prior_acquisition_baseline
src/pilot/nrw_buyer_followup.py,12701,e1f9a93a21cad66320f9ca1be2cf5d407901e8ad0be9cb94954f7b512595ee3b,prior_acquisition_baseline
src/pilot/nrw_procedure_scope.py,21068,791b5205be6f2f58a222b080431e5ab4454a02aed4dbcd1f6f108aa4c66e7a55,prior_acquisition_baseline
docs/feasibility/nrw-2020-source-manifest.csv,67394,6cbd6d2a8e857e0047cc7081b99a4c8bbb1c183d45a4ebf47ccf759ea6f095c8,prior_acquisition_baseline
docs/feasibility/federal-procurement-export-manifest.json,17362,10e70fced51ae55d61cabbdb84d5ded13c7ba3ace7f63889c29d47106cfc72bb,prior_acquisition_baseline
docs/feasibility/nrw-complete-ted-source-manifest.csv,17493,2549f376558d3f567963abd9bd333a8fc02ea4c9bff32f4c1b7ed7b3487db418,prior_acquisition_baseline
docs/feasibility/nrw-procedure-term-followup-source-manifest.csv,1738,294a728480a3922f4586db89ad44c6ab78007b93bd9b988433d7c49c3f058eaf,prior_acquisition_baseline
docs/feasibility/nrw-buyer-followup-decisions.csv,6722,bf5d36803b52df8872ecfbc858323f322d57e039a1ec18c777691facb9a2cc3b,prior_acquisition_baseline
outputs/nrw-election-register/summary.json,3210,4de36434951cce39c3f8f9c6b5001c88ef501de9db8fe57a81f07999c4b11636,prior_acquisition_baseline
outputs/nrw-election-register/events.json,821079,8dc0c0ccfd2986e3dc1e80ce662590bb2c6a7fca0c03e925b9139b63909c9237,prior_acquisition_baseline
outputs/nrw-procedure-scope/summary.json,1088,66a1479e1320a9a29deb3446e93091d77ea35a0d3cfbf88a377ea24ed47b1efb,prior_acquisition_baseline
outputs/nrw-procedure-scope/observations.json,72658,e42c9fbdbb4a5560ea32570921948351f81b1c196a9e43177e4e8a91362248b2,prior_acquisition_baseline
outputs/nrw-phase-linkage/summary.json,1275,3fbe8c98b18a2cecfe1cc3b34ca154fd2beba89fe19b9fa78e1dd220bbb7cca7,prior_acquisition_baseline
outputs/nrw-buyer-followup/summary.json,825,96f9aa626236e737f78fb77cbfa0e0129364aac2f4345e774193520d9d880098,prior_acquisition_baseline
