ags,municipality,election_date,absolute_margin_pp,pair_status,female_presented_winner,provisional_municipal_result_notices,indexed_single_lot_total_tender_counts,indexed_single_lot_single_tender_counts,publication_2024_notices,original_competition_window,reporting_coverage,buyer_identity,independent_coding,main_sample_eligibility,zero_count_meaning
09172114,"Bad Reichenhall, GKSt",2020-03-29,7.589816797525576968831786819,unresolved,,26,9,3,13,not_verified,not_audited,provisional_text_and_type_match,not_completed,pending,"query absence, not zero procurement"
09175122,"Grafing b.München, St",2020-03-29,8.030495552731893265565438374,unresolved,,0,0,0,0,not_verified,not_audited,provisional_text_and_type_match,not_completed,pending,"query absence, not zero procurement"
09175132,Vaterstetten,2020-03-29,1.313115522901360012505862123,unresolved,,37,0,0,14,not_verified,not_audited,provisional_text_and_type_match,not_completed,pending,"query absence, not zero procurement"
09178143,"Moosburg a.d.Isar, St",2020-03-29,2.344983089064261555806087937,unresolved,,3,0,0,1,not_verified,not_audited,provisional_text_and_type_match,not_completed,pending,"query absence, not zero procurement"
09179126,Gröbenzell,2020-03-29,7.642064010450685826257348138,unresolved,,0,0,0,0,not_verified,not_audited,provisional_text_and_type_match,not_completed,pending,"query absence, not zero procurement"
09183128,"Mühldorf a.Inn, St",2020-03-29,1.495513459621136590229312064,mixed_official_titles,false,1,0,0,0,not_verified,not_audited,provisional_text_and_type_match,not_completed,pending,"query absence, not zero procurement"
09184120,Gräfelfing,2020-03-29,2.046311254711900915455035003,mixed_official_titles,false,62,0,0,33,not_verified,not_audited,provisional_text_and_type_match,not_completed,pending,"query absence, not zero procurement"
09184123,Haar,2020-03-29,3.024213804882949864362503768,unresolved,,2,0,0,1,not_verified,not_audited,provisional_text_and_type_match,not_completed,pending,"query absence, not zero procurement"
09184135,Oberschleißheim,2020-03-29,8.184910946567940764458675205,unresolved,,17,0,0,13,not_verified,not_audited,provisional_text_and_type_match,not_completed,pending,"query absence, not zero procurement"
09186162,"Wolnzach, M",2020-03-29,1.325932778291705211224175146,unresolved,,3,0,0,1,not_verified,not_audited,provisional_text_and_type_match,not_completed,pending,"query absence, not zero procurement"
09187117,"Bad Aibling, St",2020-03-29,2.415359207266721717588769612,unresolved,,4,0,0,1,not_verified,not_audited,provisional_text_and_type_match,not_completed,pending,"query absence, not zero procurement"
09187162,"Prien a.Chiemsee, M",2020-03-29,5,unresolved,,2,0,0,1,not_verified,not_audited,provisional_text_and_type_match,not_completed,pending,"query absence, not zero procurement"
09188120,Gauting,2020-03-29,1.007838745800671892497200448,unresolved,,12,9,1,12,not_verified,not_audited,provisional_text_and_type_match,not_completed,pending,"query absence, not zero procurement"
09190148,"Schongau, St",2020-03-29,2.507374631268436578171091445,unresolved,,2,0,0,0,not_verified,not_audited,provisional_text_and_type_match,not_completed,pending,"query absence, not zero procurement"
09273147,"Mainburg, St",2020-03-29,4.240533257693944121401219685,mixed_official_titles,false,15,0,0,0,not_verified,not_audited,provisional_text_and_type_match,not_completed,pending,"query absence, not zero procurement"
09274113,"Altdorf, M",2020-03-29,8.010432190760059612518628912,unresolved,,0,0,0,0,not_verified,not_audited,provisional_text_and_type_match,not_completed,pending,"query absence, not zero procurement"
09275126,"Hauzenberg, St",2020-03-29,6.569343065693430656934306569,unresolved,,11,0,0,5,not_verified,not_audited,provisional_text_and_type_match,not_completed,pending,"query absence, not zero procurement"
09278118,"Bogen, St",2020-03-29,6.859635210150674068199841396,unresolved,,19,2,1,4,not_verified,not_audited,provisional_text_and_type_match,not_completed,pending,"query absence, not zero procurement"
09362000,Regensburg,2020-03-29,1.478217388586786674167135446,unresolved,,16,5,5,1,not_verified,not_audited,provisional_text_and_type_match,not_completed,pending,"query absence, not zero procurement"
09376119,"Burglengenfeld, St",2020-03-29,7.839789888378200919238345371,unresolved,,0,0,0,0,not_verified,not_audited,provisional_text_and_type_match,not_completed,pending,"query absence, not zero procurement"
09464000,Hof,2020-03-29,9.565381529894766646217733944,unresolved,,65,9,0,32,not_verified,not_audited,provisional_text_and_type_match,not_completed,pending,"query absence, not zero procurement"
09562000,Erlangen,2020-03-29,8.948814175726389909854141680,unresolved,,0,0,0,0,not_verified,not_audited,provisional_text_and_type_match,not_completed,pending,"query absence, not zero procurement"
09573127,"Stein, St",2020-03-29,9.961631377007247406565297712,unresolved,,0,0,0,0,not_verified,not_audited,provisional_text_and_type_match,not_completed,pending,"query absence, not zero procurement"
09573134,"Zirndorf, St",2020-03-29,2.237908077324135718296302238,unresolved,,6,0,0,4,not_verified,not_audited,provisional_text_and_type_match,not_completed,pending,"query absence, not zero procurement"
09574123,"Feucht, M",2020-03-29,6.549865229110512129380053908,unresolved,,2,0,0,2,not_verified,not_audited,provisional_text_and_type_match,not_completed,pending,"query absence, not zero procurement"
09574138,"Lauf a.d.Pegnitz, St",2020-03-29,3.695984437960261219952758094,unresolved,,2,0,0,0,not_verified,not_audited,provisional_text_and_type_match,not_completed,pending,"query absence, not zero procurement"
09577177,"Weißenburg i.Bay., GKSt",2020-03-29,2.825811893715731758751581611,unresolved,,0,0,0,0,not_verified,not_audited,provisional_text_and_type_match,not_completed,pending,"query absence, not zero procurement"
09771146,"Mering, M",2020-03-29,0.9027336300063572790845518118,unresolved,,26,0,0,15,not_verified,not_audited,provisional_text_and_type_match,not_completed,pending,"query absence, not zero procurement"
09772130,"Diedorf, M",2020-03-15,6.757754800590841949778434269,unresolved,,1,0,0,0,not_verified,not_audited,provisional_text_and_type_match,not_completed,pending,"query absence, not zero procurement"
09772147,"Gersthofen, St",2020-03-29,6.014450302675258738527631322,unresolved,,12,1,0,7,not_verified,not_audited,provisional_text_and_type_match,not_completed,pending,"query absence, not zero procurement"
09778116,"Bad Wörishofen, St",2020-03-29,7.867957309506080913378009432,unresolved,,4,0,0,3,not_verified,not_audited,provisional_text_and_type_match,not_completed,pending,"query absence, not zero procurement"
