artifact,sha256
outputs/bavaria-named-reports/recovered-screen-events.json,da79491faaa958bae781d14a5d374ddfd3636bcd50a4345c9bee5c09efc0fbc9
outputs/bavaria-register/screen-source-comparison.json,af2f86a79ba740e00913fda0056719019c5804f5f4a1a7389ef62685d99eae3a
outputs/bavaria-candidate-register/candidates.json,6c95538382821c60aff9ca5bb3c0310c069e7e71f92987debf323a85da5b4f90
outputs/bavaria-register/rounds.json,f11574b7caaca876991dc8c1249333205d8602998b47fc8ca4adfddb5169c549
docs/feasibility/nrw-early-linkage-matrix.csv,143e3647448af896fa018b6db438814679c256ae21daed48d44b205e9a57fc73
data/raw/bavaria-bounded-route/retrieval.json,b7b179cef9872302ee9d70b25d03e9d990c8559f7b7fb4ab7dc5a7f2dbb5a486
data/raw/gerda/mayoral_candidates.csv,5cf7c8f7695cf17d3001ffe49ba5bb5a8f2800be8426754c1db3143b200fba0e
data/raw/bavaria-bounded-route/direct-source-checks/current-officeholders.xlsx,ee4801b905b4dcd87f85cc1e7854d43e4ef243f67b2aa6fd2e01e3285270af07
data/raw/bavaria-bounded-route/direct-source-checks/gerda-current-candidates.csv,7ab9425dc9b4b1625eadcd5ff001689cec72e32d5f278a5740a29c7b1e9212b1
data/raw/bavaria-bounded-route/direct-source-checks/gerda-current-readme.md,c2551c716eb1c7c08a6a9df8d899f35bfdb8759fc61f00e7f732e4d218224c4c
