response_batch_id,local_file,bytes,sha256,recorded_at_utc,timestamp_semantics,query_count,query_capture
priority-followup-1,outputs/nrw-close-pair-screen/priority-followup-1.json,29952,b2cd3cd30fb5eb40466327344adf00cc1bf3f8c915e0bc8afdd72a0c2ec66927,2026-10-05 14:39:27 UTC,tool request time recorded immediately before submission,4,complete exact request and full response captured in pinned local JSON
priority-followup-2,outputs/nrw-close-pair-screen/priority-followup-2.json,30023,8076c09e7bf1723a0d923de71ee786e1b09c7701f6be5224695729a665e270a5,2026-10-05 14:39:27 UTC,tool request time recorded immediately before submission,4,complete exact request and full response captured in pinned local JSON
priority-followup-3,outputs/nrw-close-pair-screen/priority-followup-3.json,21652,864ee60d9c77e55e60e1351b463aaf62d818b19f22b7a6b782a0aa004568c14a,2026-10-05 14:40:03 UTC,tool request time recorded immediately before submission,4,complete exact request and full response captured in pinned local JSON
priority-followup-4,outputs/nrw-close-pair-screen/priority-followup-4.json,28559,663c91d7211b8faf1c556aa5368b36f741c4a79c6afe1d3d4120b9bfb37c455c,2026-10-05 14:40:03 UTC,tool request time recorded immediately before submission,4,complete exact request and full response captured in pinned local JSON
priority-followup-5,outputs/nrw-close-pair-screen/priority-followup-5.json,31447,40721991efbfad5f30294247f7ca98ed8db61efd321efab5502e4d284e46d750,2026-10-05 14:40:38 UTC,tool request time recorded immediately before submission,4,complete exact request and full response captured in pinned local JSON
priority-followup-6,outputs/nrw-close-pair-screen/priority-followup-6.json,29007,27c2e0290633d183b11272fef93ee95236887d34f182335fd56ed175cf63e7a4,2026-10-05 14:40:38 UTC,tool request time recorded immediately before submission,4,complete exact request and full response captured in pinned local JSON
priority-followup-7,outputs/nrw-close-pair-screen/priority-followup-7.json,32217,7e6c475976d176d2a3d038e807474cb1da34863caa3670658ddddce591d2665d,2026-10-05 14:42:48 UTC,tool request time recorded immediately before submission,4,complete exact request and full response captured in pinned local JSON
priority-followup-8,outputs/nrw-close-pair-screen/priority-followup-8.json,31063,26f887550b4a7e8386e42832e30fa25efe77f8ac5824db7ef28284f6b189ace4,2026-10-05 14:46:24 UTC,tool request time recorded immediately before submission,4,complete exact request and full response captured in pinned local JSON
priority-followup-9,outputs/nrw-close-pair-screen/priority-followup-9.json,29250,a5ef15f2e774fa0a952cbfd3c63c009a2277aaabb86731b45e61f445fd26acbf,2026-10-05 14:57:22 UTC,response return time recorded immediately after tool completion,4,complete exact request and full response captured in pinned local JSON
priority-followup-10,outputs/nrw-close-pair-screen/priority-followup-10.json,29995,beccba26e896a3e294796a3f698674dbc26ddaefa1a6a75802bbcd683bafd70a,2026-10-05 14:58:35 UTC,tool request time recorded immediately before submission,4,complete exact request and full response captured in pinned local JSON
priority-followup-11,outputs/nrw-close-pair-screen/priority-followup-11.json,32292,4ddb95b8719c2a277472dcafb318a8f752460a36068c0fc78debeb991fbe236d,2026-10-05 14:58:57 UTC,tool request time recorded immediately before submission,4,complete exact request and full response captured in pinned local JSON
priority-followup-12,outputs/nrw-close-pair-screen/priority-followup-12.json,30524,012c043d99399f386d69a352348c2bbeb3e00902d2e6587b8d87af539b64fdb6,2026-10-05 15:01:02 UTC,tool request time recorded immediately before submission,4,complete exact request and full response captured in pinned local JSON
priority-followup-13,outputs/nrw-close-pair-screen/priority-followup-13.json,33580,96cbaaca3f297ba0d38e3d211d5dc0b28708ef664bbc27d77a67f9938975425c,2026-10-05 15:02:54 UTC,tool request time recorded immediately before submission,4,complete exact request and full response captured in pinned local JSON
priority-followup-14,outputs/nrw-close-pair-screen/priority-followup-14.json,31002,2a78bcc3c5b46f0c85a55178444703b3ac97bd5243340bf0ead23db18d1ea83d,2026-10-05 15:03:16 UTC,tool request time recorded immediately before submission,4,complete exact request and full response captured in pinned local JSON
priority-followup-15,outputs/nrw-close-pair-screen/priority-followup-15.json,30920,48bf3db179ece5aaa98b3858f60b93959a79a5c5cd1737569397a9c50f2d927b,2026-10-05 15:06:43 UTC,tool request time recorded immediately before submission,4,complete exact request and full response captured in pinned local JSON
