publication_number,ags,procedure_code_source,process_reason_codes_source,process_reason_texts_source,no_prior_call_procedure,italian_direct_award_equivalence_verified,indexed_procedure_type,source_index_type_relation,procedure_type_locator,source_archive,xml_file,xml_sha256,actual_term_assignment,procedure_type_quote_source,result_pdf_sha256
707371-2023,05370012,open,[],[],false,false,open,same_literal_code,original XML cac:TenderingProcess/cbc:ProcedureCode,2023-11-eforms.zip,723aa109-c057-4bc0-8e12-f9865baac6ef-01.xml,0e1927d51dbdc99dc0bafdaac7390cb01490554abe027223324180b668f552e0,unverified,,
734448-2023,05978036,open,[],[],false,false,,indexed_type_absent,original XML cac:TenderingProcess/cbc:ProcedureCode,2023-12-eforms.zip,fa205f74-4d6c-4309-94b0-1197566d87ef-01.xml,945bc7f700d78238a3411f899799685a07694878a9897b7408c595aa3eb3739d,unverified,,
746720-2023,05166032,open,[],[],false,false,open,same_literal_code,original XML cac:TenderingProcess/cbc:ProcedureCode,2023-12-eforms.zip,cf932de6-bf40-4845-93e6-ccc6e53fb88b-01.xml,0c3179d9fe7ebe364e66831821eb5886ff17a1f84ddfe4b9dac045ab30902988,unverified,,
774341-2023,05978036,open,[],[],false,false,open,same_literal_code,original XML cac:TenderingProcess/cbc:ProcedureCode,2023-12-eforms.zip,2b3f48f7-c572-4c15-bf51-a5e093c124e1-01.xml,cd7ba6aa198fda049e0afee4002734cb71087af2020c3aaf571dbaaf30408490,unverified,,
773638-2023,05978036,open,[],[],false,false,open,same_literal_code,original XML cac:TenderingProcess/cbc:ProcedureCode,2023-12-eforms.zip,dd9d734f-2eaf-4bb5-bec1-df7f6a0d64e6-01.xml,3f3403b5512cb4d4a0cf3c7e2e92d981edf4b7ce1eb40e02ac7bfecf412bdf6f,unverified,,
773079-2023,05978036,open,[],[],false,false,open,same_literal_code,original XML cac:TenderingProcess/cbc:ProcedureCode,2023-12-eforms.zip,0abeec50-e921-4187-ba8a-c006e63ba272-01.xml,c3b5ed0d2cfb05869c1499e8055077249f8e3488268ae835daac2ae24f154ce4,unverified,,
775139-2023,05978036,us-free-no-tw,[],[],false,false,oth-single,different_source_codes_review,original XML cac:TenderingProcess/cbc:ProcedureCode,2023-12-eforms.zip,916134bf-31ff-49ce-80f1-8531f4009475-01.xml,035336d22282e3ea26cd591b463a38e59798b3b33c74c8b6c453228ab1741c26,unverified,,
775384-2023,05978036,us-free-no-tw,[],[],false,false,oth-single,different_source_codes_review,original XML cac:TenderingProcess/cbc:ProcedureCode,2023-12-eforms.zip,bcb81717-69db-4923-b8f6-eeb8afbabe83-01.xml,b43b32e865d3441714d4fa0b09d7dcd1dbe7768c8b0ed816668ea08f313cc79d,unverified,,
10998-2024,05158032,neg-wo-call,[],[],true,false,neg-wo-call,same_literal_code,original XML cac:TenderingProcess/cbc:ProcedureCode,2024-01-eforms.zip,c68900be-e7fe-4aee-b3f4-7169cb3beeb0-01.xml,adee2539b2849afe777ebdb8094ce6a8bf42ab5337e391e5416ced9b456f6e3b,unverified,,
17130-2024,05158032,open,[],[],false,false,open,same_literal_code,original XML cac:TenderingProcess/cbc:ProcedureCode,2024-01-eforms.zip,e702a8c0-b8dc-4068-bba4-c5f04b5acce2-01.xml,5334af57e4ea67d30a88abdc34929a1bb4c4be7c9e35b8bda65be2dfdc02d2a8,unverified,,
50377-2024,05962024,neg-w-call,[],[],false,false,neg-w-call,same_literal_code,original XML cac:TenderingProcess/cbc:ProcedureCode,2024-01-eforms.zip,4297e855-7672-4c9e-8ac0-6a78a9d9daa8-01.xml,9977de4efdb0163331679f3e9c70378ad0c915d20228a8da96eafc5b89193f04,unverified,,
51385-2024,05962024,neg-w-call,[],[],false,false,neg-w-call,same_literal_code,original XML cac:TenderingProcess/cbc:ProcedureCode,2024-01-eforms.zip,f9fb4202-a95d-4ca5-a126-126221483352-01.xml,d724b65014a315772633d0f2570ea17898910bfb13cb0db03b5dd004b3892587,unverified,,
126218-2024,05158032,open,[],[],false,false,open,same_literal_code,original XML cac:TenderingProcess/cbc:ProcedureCode,2024-02-eforms.zip,4d817ec9-7746-4b91-bdb2-6172b6b30a4e-01.xml,79dff7e4a88c09c682988be94f7faec4a93467546e9ab16d2ed49bb2e28ef42d,unverified,,
126957-2024,05370012,neg-w-call,[],[],false,false,neg-w-call,same_literal_code,original XML cac:TenderingProcess/cbc:ProcedureCode,2024-03-eforms.zip,5c5b78e2-f5a6-42b9-8a7b-bfe923f63765-01.xml,14016ddc26febd5182b27fac4fcd0b9328ab79517de0d393d8831a1a6fbea17d,unverified,,
188186-2024,05158032,open,[],[],false,false,open,same_literal_code,original XML cac:TenderingProcess/cbc:ProcedureCode,2024-03-eforms.zip,01d4474c-e153-4f23-aad7-e3e2abd36160-01.xml,4601f323c05e3ff18b1758244d9716aba1c8b15bb03c413d440d1685b32c830a,unverified,,
190347-2024,05166032,open,[],[],false,false,open,same_literal_code,original XML cac:TenderingProcess/cbc:ProcedureCode,2024-03-eforms.zip,8ce19088-5ad7-4113-a8d4-39c690f8f1a1-01.xml,f4615146f223fcecf95b537f326b7232a6fd2bc1a26589d9bb36b1759d0367b1,unverified,,
196766-2024,05370012,neg-w-call,[],[],false,false,neg-w-call,same_literal_code,original XML cac:TenderingProcess/cbc:ProcedureCode,2024-04-eforms.zip,a90b1cbc-c82e-4d57-ae68-268c7df24604-01.xml,8890c974828a55dd09015de36946657ffd592e9c257d88a43cb2a96341560b99,unverified,,
194171-2024,05370012,neg-w-call,[],[],false,false,neg-w-call,same_literal_code,original XML cac:TenderingProcess/cbc:ProcedureCode,2024-04-eforms.zip,e88764b6-f87b-422a-9357-49320acefed7-01.xml,d1cae730ae3206d428a8f66b6551d28b5c27ecb05780e0ad2fb47521310e1248,unverified,,
218390-2024,05370012,open,[],[],false,false,open,same_literal_code,original XML cac:TenderingProcess/cbc:ProcedureCode,2024-04-eforms.zip,f67df453-6552-4bcb-a8b3-27e0fdc231dc-01.xml,5cacecd12e537a904331daa5d0678329cb43eb81ef2d096cf8b93605bd07c806,unverified,,
251250-2024,05158032,open,[],[],false,false,open,same_literal_code,original XML cac:TenderingProcess/cbc:ProcedureCode,2024-04-eforms.zip,0dec771b-f3fb-4b15-8661-c2f22ed17cb5-01.xml,db3f1cd35cf97ae414b3b1e8459bce7798f8e7b668b1980c628b450eb75c7a4e,unverified,,
253377-2024,05962060,open,[],[],false,false,open,same_literal_code,original XML cac:TenderingProcess/cbc:ProcedureCode,2024-04-eforms.zip,c79507ee-ef2c-496d-8b9a-952059f64433-01.xml,de80f8fc7284af46f11c5bcdb95f54e45b80d21bb6e3853c2f2ce30eaaf1d57a,unverified,,
254530-2024,05166032,open,[],[],false,false,open,same_literal_code,original XML cac:TenderingProcess/cbc:ProcedureCode,2024-04-eforms.zip,c793d8b6-e018-4f67-8495-cb928140d655-01.xml,75a0c703c5855296fb4720e05ed1e395e638d85654d18bafd395aacd7e1ebbb8,unverified,,
258948-2024,05158032,open,[],[],false,false,open,same_literal_code,original XML cac:TenderingProcess/cbc:ProcedureCode,2024-05-eforms.zip,ab6e0a16-af97-4467-b69e-0fd085521c60-01.xml,dc192b1898f2490785f60598a52b091990adc00894c42c57d6772bfa2daaf568,unverified,,
315323-2024,05962024,neg-wo-call,[],[],true,false,neg-wo-call,same_literal_code,original XML cac:TenderingProcess/cbc:ProcedureCode,2024-05-eforms.zip,7c5ab428-78c5-4707-9ec3-7cb8996ad989-01.xml,5c539fbe3d83cd4575fa1a6fd515325b7ab35dc30b45d58bc8c109750f8bee38,unverified,,
315657-2024,05166032,restricted,[],[],false,false,restricted,same_literal_code,original XML cac:TenderingProcess/cbc:ProcedureCode,2024-05-eforms.zip,81c04c57-0289-466f-9073-649734c2b282-01.xml,cc61ef8576df172a50d57497dfec19dbb25bdd7c0e2e9adc805bb5536ad9353f,unverified,,
337940-2024,05978036,open,[],[],false,false,open,same_literal_code,original XML cac:TenderingProcess/cbc:ProcedureCode,2024-06-eforms.zip,cb3c171c-a681-4c6e-bf0c-2a9a74d033de-01.xml,75d1ac5fc12feb669cdaeaa4b5c11a834a675c59333836cb4ee0c77bb7e446aa,unverified,,
345414-2024,05978036,neg-wo-call,[],[],true,false,,indexed_type_absent,original XML cac:TenderingProcess/cbc:ProcedureCode,2024-06-eforms.zip,8e3ffa8c-67fa-4c38-9dcc-64e743fa26f2-01.xml,24ee0ab446779b4630e2818ed479636e58d1a0608f36a29f6c7e0f7dfeb95929,unverified,,
365900-2024,05978036,neg-wo-call,[],[],true,false,neg-wo-call,same_literal_code,original XML cac:TenderingProcess/cbc:ProcedureCode,2024-06-eforms.zip,935ffe01-8c50-4ecd-a2ab-a7f8ff369f2a-01.xml,17887a9c57e5cc07c3c5feeec9d7fd2bfb52062ab2e0f4791cac9381333f5a3c,unverified,,
374488-2024,05978036,neg-wo-call,[],[],true,false,,indexed_type_absent,original XML cac:TenderingProcess/cbc:ProcedureCode,2024-06-eforms.zip,f4d6d9cb-0dee-4fe2-ad6a-63048747298a-01.xml,d82fce8db9024637f9b4825fc4f7448047616c459e57ba234f1a0f018e3cab7c,unverified,,
381033-2024,05166032,restricted,[],[],false,false,restricted,same_literal_code,original XML cac:TenderingProcess/cbc:ProcedureCode,2024-06-eforms.zip,da6123ac-4087-428c-8f54-4b38d2ca697b-01.xml,2414b5b52843e93abcf0a2db0ec197f8107bdff0e8f27c265775bd7008adcce2,unverified,,
383504-2024,05158032,open,[],[],false,false,open,same_literal_code,original XML cac:TenderingProcess/cbc:ProcedureCode,2024-06-eforms.zip,0f64d196-0a99-4c85-aea9-3276ed48744b-01.xml,4c3853ff89ece00c52dc5e036b2b0703cd3fcfc9d8d3c8f02aa17ad01f8c238d,unverified,,
384282-2024,05166032,open,[],[],false,false,open,same_literal_code,original XML cac:TenderingProcess/cbc:ProcedureCode,2024-06-eforms.zip,e581afe2-4662-45ea-b6c9-57edffff691f-01.xml,c0635656e5c733284c65815589fec61ded9be9dca8520e9d9cba613adcf998b9,unverified,,
386905-2024,05978036,neg-wo-call,[],[],true,false,neg-wo-call,same_literal_code,original XML cac:TenderingProcess/cbc:ProcedureCode,2024-06-eforms.zip,6a8261e3-a326-4f84-ab87-44f3a7c13d98-01.xml,3e5bf64e71304a575ef8274a87bc34581ded1ae9ceb00f57affb9c2ca0cf0091,unverified,,
387616-2024,05158032,neg-w-call,[],[],false,false,neg-w-call,same_literal_code,original XML cac:TenderingProcess/cbc:ProcedureCode,2024-06-eforms.zip,8213c194-3a9c-4810-8e50-ab724ae0fc0d-01.xml,a8c00564ab0e8f9ec3cb781266756380d13eec0e7eef23ba8733ec9e8900b979,unverified,,
401524-2024,05158032,open,[],[],false,false,open,same_literal_code,original XML cac:TenderingProcess/cbc:ProcedureCode,2024-07-eforms.zip,7306fc2b-7db8-47cb-b623-9edcf5202e3f-01.xml,ae1751134c4787ed92ab246764488ed927ddc9dd9b278ab94d4a7224f4bf43b6,unverified,,
406057-2024,05962024,neg-wo-call,[],[],true,false,neg-wo-call,same_literal_code,original XML cac:TenderingProcess/cbc:ProcedureCode,2024-07-eforms.zip,1dd46df5-4e8f-46dc-9111-f0ad7f7a517d-01.xml,57c6775722fc798ccea8242968f42fd1f5476236074da5da1db861cb4176fd04,unverified,,
424806-2024,05962024,neg-wo-call,[],[],true,false,neg-wo-call,same_literal_code,original XML cac:TenderingProcess/cbc:ProcedureCode,2024-07-eforms.zip,677a45dc-16c3-4b2e-b4cf-e8aceed330d8-01.xml,703b66651ecf5127965fc008df136061b4a53968114afd151d91a06591d9f9b9,unverified,,
436042-2024,05166032,open,[],[],false,false,open,same_literal_code,original XML cac:TenderingProcess/cbc:ProcedureCode,2024-07-eforms.zip,6350e68e-a7ba-433f-a7a0-50b824ef8bea-01.xml,cdbcc9757ab1f05d2c4013b3a78671322a9656f7729d4120b02e84b621a2acd6,unverified,,
447341-2024,05166032,open,[],[],false,false,open,same_literal_code,original XML cac:TenderingProcess/cbc:ProcedureCode,2024-07-eforms.zip,c31099ac-97f7-4178-b799-b1f668cd1479-01.xml,9029561290ff2807150c4c4f78229a6f34e059f9206a8288b61ed141951d211c,unverified,,
454042-2024,05166032,open,[],[],false,false,open,same_literal_code,original XML cac:TenderingProcess/cbc:ProcedureCode,2024-07-eforms.zip,c23a30ac-d743-4d8e-8221-f2586cae34fe-01.xml,2a527445f7b9998e68c8e272c04cf3242905d8e00320246ccc65eaadc21d2780,unverified,,
470373-2024,05158032,open,[],[],false,false,open,same_literal_code,original XML cac:TenderingProcess/cbc:ProcedureCode,2024-08-eforms.zip,d3ed4995-9444-4195-8931-93b331e8746a-01.xml,7b5391a5afae8d6cf6c9afaa409eabc899ad1a55f891ee69d64e73c830ca1c33,unverified,,
469602-2024,05158032,open,[],[],false,false,open,same_literal_code,original XML cac:TenderingProcess/cbc:ProcedureCode,2024-08-eforms.zip,be46e5de-2f95-47c4-9493-263298c59553-01.xml,33ae396a960a86ab26df2e7a3fead5bb89c49de5addd2e01d22d06493128a66d,unverified,,
483968-2024,05166032,open,[],[],false,false,open,same_literal_code,original XML cac:TenderingProcess/cbc:ProcedureCode,2024-08-eforms.zip,92c7154f-7f6d-4b69-955e-4ac93a5a9aaf-01.xml,f4f5754a359c6c805b086231e361d53ee61ea2796888313c5fd6f30a9a04ca87,unverified,,
495897-2024,05158032,open,[],[],false,false,open,same_literal_code,original XML cac:TenderingProcess/cbc:ProcedureCode,2024-08-eforms.zip,1056380e-6779-421a-a81b-8aa203d1b797-01.xml,e3761ccd895574be61d9b4f1b618685c95e25937814ce8fff29939b4517bef07,unverified,,
509043-2024,05166032,open,[],[],false,false,open,same_literal_code,original XML cac:TenderingProcess/cbc:ProcedureCode,2024-08-eforms.zip,cc92ea51-4a57-47f2-8d26-33f48f17fa5a-01.xml,c459ab8da3b3ca684236aeb4b76adbf2ccac1768d5812525ac2ccc84ac697f89,unverified,,
513282-2024,05978036,neg-wo-call,[],[],true,false,,indexed_type_absent,original XML cac:TenderingProcess/cbc:ProcedureCode,2024-08-eforms.zip,590e407b-eaee-40b1-a968-a17981235735-01.xml,255f5e9dd00daaece4805dcfd946fa9f5bdb7340f8ebd9d650aaba03fb4bff5d,unverified,,
513614-2024,05978036,open,[],[],false,false,,indexed_type_absent,original XML cac:TenderingProcess/cbc:ProcedureCode,2024-08-eforms.zip,c4552c26-93a6-4f2d-b3eb-4d80c9d23119-01.xml,78b57f1545f3dffc2987cd2222056e5dad9dfe262cd8962c28bb1288805e837a,unverified,,
519951-2024,05962060,open,[],[],false,false,,indexed_type_absent,original XML cac:TenderingProcess/cbc:ProcedureCode,2024-08-eforms.zip,ef6b9bc0-a449-4d0a-8d0b-eaced1a40543-01.xml,dc15da4e4199c7fa6c19c9dbc2698fd62642160b3b838b5f369e4431fd0d879c,unverified,,
539469-2024,05158032,open,[],[],false,false,open,same_literal_code,original XML cac:TenderingProcess/cbc:ProcedureCode,2024-09-eforms.zip,4174fe7a-22f8-4de3-8c59-1f93f0c73d24-01.xml,9e4592c217e4e080afdfe20de37245e56865b8edb742bd1f8a6ccb290815f58a,unverified,,
538053-2024,05158032,open,[],[],false,false,open,same_literal_code,original XML cac:TenderingProcess/cbc:ProcedureCode,2024-09-eforms.zip,84c66a69-7e33-4261-9e3a-8d524b21a83d-01.xml,18ce834c3a0ca32edfd1171e97b873ff25fb7e999c8d102b4c81189a94bacb85,unverified,,
543838-2024,05978036,open,[],[],false,false,,indexed_type_absent,original XML cac:TenderingProcess/cbc:ProcedureCode,2024-09-eforms.zip,d3fc68af-649f-429e-b8ec-c05e3d9daf36-01.xml,a514da531541c073ba8782a813775811c4ad3cc2b06ab9239c7dde6b1d79efe0,unverified,,
557169-2024,05166032,open,[],[],false,false,open,same_literal_code,original XML cac:TenderingProcess/cbc:ProcedureCode,2024-09-eforms.zip,9934b167-cc3d-42ee-b720-a2e835c2830d-01.xml,f60bf3a61209e08a5918d95b1b7533a29e4f6ef00bd3ca5730b781e323a9c37e,unverified,,
586949-2024,05158032,open,[],[],false,false,open,same_literal_code,original XML cac:TenderingProcess/cbc:ProcedureCode,2024-09-eforms.zip,b71ba808-f6e3-4eb3-8056-391ca42d27f6-01.xml,c750adca181cd428f367e0f02e312519ab81bd561d57e8d01c8f9eddc0b766f0,unverified,,
586424-2024,05166032,open,[],[],false,false,open,same_literal_code,original XML cac:TenderingProcess/cbc:ProcedureCode,2024-09-eforms.zip,9c14d4f0-9e2f-45cc-a530-841cf7307d5e-01.xml,7f9f15f21023565d4e660f78aabe22cf1d06e93c25ea68104258a8eeeeb5f21f,unverified,,
610665-2024,05978036,neg-wo-call,[],[],true,false,,indexed_type_absent,original XML cac:TenderingProcess/cbc:ProcedureCode,2024-10-eforms.zip,973696c6-d44a-45eb-922d-483ccb73d1ee-01.xml,09d3485fc3a7f901ef1691b6243189be1d0efe3d4c83b69a7beb8b6783bda435,unverified,,
628840-2024,05166032,open,[],[],false,false,open,same_literal_code,original XML cac:TenderingProcess/cbc:ProcedureCode,2024-10-eforms.zip,fb73bb0b-ca51-45c5-b37c-f4a4f33b1f62-01.xml,d7862e8e91b8aeb244a04ddc0ae48ee7cdc61a8ac043649fafc01ba6060afd81,unverified,,
628629-2024,05370012,open,[],[],false,false,open,same_literal_code,original XML cac:TenderingProcess/cbc:ProcedureCode,2024-10-eforms.zip,5facfd67-33c3-4293-8001-63eba3bf59ff-01.xml,12a6840cc43cc0c0104c892660282ed974c2ff4653711fadbf68b32b9736c5ce,unverified,,
657189-2024,05978036,neg-wo-call,[],[],true,false,,indexed_type_absent,original XML cac:TenderingProcess/cbc:ProcedureCode,2024-10-eforms.zip,422374ab-7b8e-4fa7-94fe-09e489808d6c-01.xml,0db13c9c8905a5407fe7cc2a9066cd8d24160f6a923036952d812e865c106add,unverified,,
719148-2024,05978036,neg-wo-call,[],[],true,false,,indexed_type_absent,original XML cac:TenderingProcess/cbc:ProcedureCode,2024-11-eforms.zip,cfbaa4b2-8715-4714-8ec9-356c0cdad9ce-01.xml,6df4e77ebe2020542ee816aacce54f9d2268f030f589d9ddb3f79a35d4e860b6,unverified,,
724046-2024,05166032,open,[],[],false,false,open,same_literal_code,original XML cac:TenderingProcess/cbc:ProcedureCode,2024-11-eforms.zip,0d0a850f-34fa-4a9c-8b45-927157a0708f-01.xml,652039dd479911addb8b7b58fa75c238e174fdabff21e00ce6e364371b322012,unverified,,
726107-2024,05158032,open,[],[],false,false,open,same_literal_code,original XML cac:TenderingProcess/cbc:ProcedureCode,2024-11-eforms.zip,842a643c-47e6-4a77-8442-b48fe2747961-01.xml,84f3b56f49177304a27e9df77e30e9aff0bcce570d40517e0134fc482d17c5db,unverified,,
740622-2024,05978036,open,[],[],false,false,,indexed_type_absent,original XML cac:TenderingProcess/cbc:ProcedureCode,2024-12-eforms.zip,aa28a4f8-4f6d-485d-aab0-2718959192aa-01.xml,ff04c712d2492148f755766feab535e60a93e4b3350aeff5904748222d23fa8f,unverified,,
749858-2024,05978036,neg-wo-call,[],[],true,false,,indexed_type_absent,original XML cac:TenderingProcess/cbc:ProcedureCode,2024-12-eforms.zip,1484a9b5-6c90-4864-9972-85d454e951f5-01.xml,43d668468857a120051b97f7d928226ccc97e3fa15b0513a67203ecb647695eb,unverified,,
756885-2024,05978036,open,[],[],false,false,open,same_literal_code,original XML cac:TenderingProcess/cbc:ProcedureCode,2024-12-eforms.zip,455ff67e-326c-4498-889a-115344135ffb-01.xml,e755c9f20842c82e42a9873623247fb0faee29a471ac77d984358849eaa52788,unverified,,
760455-2024,05166032,neg-w-call,[],[],false,false,neg-w-call,same_literal_code,original XML cac:TenderingProcess/cbc:ProcedureCode,2024-12-eforms.zip,2a5aaebc-30a5-4296-9639-0ca8b8247c40-01.xml,0df148272ec20a2e81c1cbc961ce11786cb8d4dccb05a88c2fe48ea65ed5f9ef,unverified,,
761195-2024,05166032,neg-w-call,[],[],false,false,neg-w-call,same_literal_code,original XML cac:TenderingProcess/cbc:ProcedureCode,2024-12-eforms.zip,a8f76a3d-7538-40b7-98b4-3f329cf0a348-01.xml,1965fd324d0373ceb4bc70320eb2446e57bbd13465aa5c65843f888d1d65a5e8,unverified,,
785396-2024,05166032,open,[],[],false,false,open,same_literal_code,original XML cac:TenderingProcess/cbc:ProcedureCode,2024-12-eforms.zip,a913c55d-a82a-499f-bd37-3d585994161e-01.xml,64f82cdbc588fa7e5d8ca5c867eaf2258d1a9b65fb69766d0b85b3d970301ff9,unverified,,
788767-2024,05158032,open,[],[],false,false,open,same_literal_code,original XML cac:TenderingProcess/cbc:ProcedureCode,2024-12-eforms.zip,bc0fc283-7f61-43f6-b6ef-18c39933374b-01.xml,db5a28b292d675e6ec0073755a17e6421c8e01d344b805937c1b1daad53e3672,unverified,,
786759-2024,05158032,neg-w-call,[],[],false,false,neg-w-call,same_literal_code,original XML cac:TenderingProcess/cbc:ProcedureCode,2024-12-eforms.zip,12df12f5-8cbe-4549-91b3-aa8633aeec3b-01.xml,19bdc2f4f905e6593b353161b8eb5cce35d8cdbdd6e4e21f5ebfca686286e9b0,unverified,,
100570-2023,05158032,neg-w-call,,,false,,neg-w-call,same_literal_code,legacy Section IV.1.1,,,,unverified,Verhandlungsverfahren,12aecf8ccc77a7c44f55779335d35f094c90dd6704d58fd6d2469fd83a2423b8
103107-2021,05962024,open,,,false,,open,same_literal_code,legacy Section IV.1.1,,,,unverified,Offenes Verfahren,db6d899b5948ebb952dcf66ac8103e4c00827a5bbd1d9604fd0c28e9f5129592
107193-2022,05962024,neg-w-call,,,false,,neg-w-call,same_literal_code,legacy Section IV.1.1,,,,unverified,Verhandlungsverfahren,de086a4d6a0d3251fb3ef57f318eb12f06be6a5d998c90bf398606b87291ab4a
108865-2022,05962024,open,,,false,,open,same_literal_code,legacy Section IV.1.1,,,,unverified,Offenes Verfahren,85d68dadebd40bb29fb669da2b94da0ffcbc260a4883a35950a5ca364080ea26
109750-2022,05962024,open,,,false,,open,same_literal_code,legacy Section IV.1.1,,,,unverified,Offenes Verfahren,007fdefb2372301e2c9de0ab825d78a28b321b1e7cc3a2f80ffaa9d5b2a3b632
131327-2021,05962024,neg-w-call,,,false,,neg-w-call,same_literal_code,legacy Section IV.1.1,,,,unverified,Verhandlungsverfahren,0fabeeb8ab17891326eec4f24fe3dc48b3657bc23cf2e538801716e10f901775
133960-2021,05962024,open,,,false,,open,same_literal_code,legacy Section IV.1.1,,,,unverified,Offenes Verfahren,2c5c4f3060485ec5255a0f277d7eb35edb1a40a0d5cb57641b040c911c3e02f1
133968-2021,05962024,open,,,false,,open,same_literal_code,legacy Section IV.1.1,,,,unverified,Offenes Verfahren,33b4c7d4a76c60ea5b134116a8ebd499e677ecbe47b8ebaf08394729d3836ed5
143631-2021,05158032,open,,,false,,open,same_literal_code,legacy Section IV.1.1,,,,unverified,Offenes Verfahren,88f77439afedea38b557aca9da1f2e53ef460bef1eebec9efcabdefd81401bac
151045-2022,05962024,restricted,,,false,,restricted,same_literal_code,legacy Section IV.1.1,,,,unverified,Nichtoffenes Verfahren,e4664a01d431bf950b513f0d256e6ed764840cf0f671e46721314a33286d0499
151563-2021,05962024,open,,,false,,open,same_literal_code,legacy Section IV.1.1,,,,unverified,Offenes Verfahren,d16265da09e47f7292437ceea34a08ebf167989743ed45efccfd97e7f76c6741
151670-2021,05962024,open,,,false,,open,same_literal_code,legacy Section IV.1.1,,,,unverified,Offenes Verfahren,a265111b5183bf32c2044c07f3d71f6844247da4b7b45924b860e4a12ae1e236
152900-2022,05962024,open,,,false,,open,same_literal_code,legacy Section IV.1.1,,,,unverified,Offenes Verfahren,2c66f8cb3a642322a70a7cd639f0c74eddbe31ffc93922b9e566c805e1e5f2a9
152901-2022,05962024,neg-w-call,,,false,,neg-w-call,same_literal_code,legacy Section IV.1.1,,,,unverified,Verhandlungsverfahren,fe04b9e53689db504752a18026b0c5726d887247433a6392bd9bac91d5a2e51c
194586-2023,05158032,open,,,false,,open,same_literal_code,legacy Section IV.1.1,,,,unverified,Offenes Verfahren,ead66c85d3b2bb2afd7a304eb2d169ece85b612bb6a4e04c1f3c508a39dd6209
196097-2022,05962024,neg-w-call,,,false,,neg-w-call,same_literal_code,legacy Section IV.1.1,,,,unverified,Verhandlungsverfahren,2a595b89f14a09af8907734b960200cca2ca407f5d0badb340e6290f032fb2a5
200526-2022,05158032,open,,,false,,open,same_literal_code,legacy Section IV.1.1,,,,unverified,Offenes Verfahren,7eb89ad937e3b34a747cab7f424ec59bdfe39857581a60fd33f2280b331f6555
21732-2021,05962024,open,,,false,,open,same_literal_code,legacy Section IV.1.1,,,,unverified,Offenes Verfahren,dd3871e6a2484171e98d10e48c38ae42e3ed9fe5c42728a0a7a110fb7db6ad51
244394-2022,05158032,open,,,false,,open,same_literal_code,legacy Section IV.1.1,,,,unverified,Offenes Verfahren,1ca1251eac5fb61b5e1b6e849d92bef3f0979689d66abc92a9f1a05976c0bbb3
249478-2023,05962024,open,,,false,,open,same_literal_code,legacy Section IV.1.1,,,,unverified,Offenes Verfahren,6e605ce2835662606bb709c327c5620b81da6a898cb24a769f396263cb960fba
25385-2023,05158032,open,,,false,,open,same_literal_code,legacy Section IV.1.1,,,,unverified,Offenes Verfahren,bfd13e2b9896e2c0297e7bda1b99333dab1078f1120abab967d494cef1ebebf1
275886-2022,05158032,neg-w-call,,,false,,neg-w-call,same_literal_code,legacy Section IV.1.1,,,,unverified,Verhandlungsverfahren,a3e88ef4f705276dc4928b712558caf08327db6f9db9d176c8e710190cfb7d89
277333-2023,05962024,open,,,false,,open,same_literal_code,legacy Section IV.1.1,,,,unverified,Offenes Verfahren,7d24aa5969a0afa8d77e06f3e974fb00fd717e40b3452658207db0cc117f3807
293045-2022,05962024,open,,,false,,open,same_literal_code,legacy Section IV.1.1,,,,unverified,Offenes Verfahren,6fffb5a490edd5702d6c121732cc34b5d17c3e8ee9be0d001d78176a282de898
293810-2022,05962024,open,,,false,,open,same_literal_code,legacy Section IV.1.1,,,,unverified,Offenes Verfahren,a1ef4a67fd45c328e4e9cbd1efc303f0ca2c18a2acf8c24e3c00a508391eadcc
300783-2022,05370012,neg-w-call,,,false,,neg-w-call,same_literal_code,legacy Section IV.1.1,,,,unverified,Verhandlungsverfahren,1983cd84c486d4b438dde3eb567ac043d9952f933b612df7ca05ad23d0990789
32965-2023,05962024,open,,,false,,open,same_literal_code,legacy Section IV.1.1,,,,unverified,Offenes Verfahren,5780959bc42fb5c4722052dda2d1d1f43f2320e84164be5f2a14f7972537b7ae
34286-2023,05962024,open,,,false,,open,same_literal_code,legacy Section IV.1.1,,,,unverified,Offenes Verfahren,7a78d42fd2331160f455a10458dccc62728a2171532825710d63aa7268ffa6f0
346787-2022,05158032,open,,,false,,open,same_literal_code,legacy Section IV.1.1,,,,unverified,Offenes Verfahren,867aa608df08de92464ffb43a8ccf1e079da3ea46ce7c77986b3a67909d89ed1
346788-2022,05158032,open,,,false,,open,same_literal_code,legacy Section IV.1.1,,,,unverified,Offenes Verfahren,1c40e3cc4a8903aa1601792459ef42f439c54def62401b0d4fb193ff67140960
346790-2022,05158032,open,,,false,,open,same_literal_code,legacy Section IV.1.1,,,,unverified,Offenes Verfahren,05e38a960559d9f87f536b4c8d4b975e39dab53f7f9d86bfb7be77981ec90104
347713-2021,05962024,open,,,false,,open,same_literal_code,legacy Section IV.1.1,,,,unverified,Offenes Verfahren,6a5cf82cc45015cf9e8c6baa32f56761471e32e9840c2e23943ef14f54ab4615
347771-2021,05962024,neg-w-call,,,false,,neg-w-call,same_literal_code,legacy Section IV.1.1,,,,unverified,Verhandlungsverfahren,afac95c24b5b18c131540c26a9a4dd91d341992adc1d3c2e4b7bfead3e27fe87
350569-2022,05962024,open,,,false,,open,same_literal_code,legacy Section IV.1.1,,,,unverified,Offenes Verfahren,3af42463be52f66ebbd7a67cdc6736e18eca16fe49c4956724f0bb3ba24baec6
359252-2022,05962024,neg-w-call,,,false,,neg-w-call,same_literal_code,legacy Section IV.1.1,,,,unverified,Verhandlungsverfahren,b23c4f1fc8e096f1a132b7d581f0153d88a56d6eb7c56d2440f7ce59fd19a4b7
368819-2022,05370012,open,,,false,,open,same_literal_code,legacy Section IV.1.1,,,,unverified,Offenes Verfahren,c86a50bf5b3a190eb5cf512de4c62750b464695150021683bc44263e2cb243a1
370898-2022,05370012,open,,,false,,open,same_literal_code,legacy Section IV.1.1,,,,unverified,Offenes Verfahren,cf86659ba8f8fa98fd29e140d9c4f0590bc28c62650bdd65bf2c326075f5afb7
373198-2022,05962024,neg-w-call,,,false,,neg-w-call,same_literal_code,legacy Section IV.1.1,,,,unverified,Verhandlungsverfahren,c5e825eeebe8e7b7490683e743e7c8941a73d5aacd7ace2908d971b630d136cb
391720-2022,05158032,open,,,false,,open,same_literal_code,legacy Section IV.1.1,,,,unverified,Offenes Verfahren,28149a04fe6a710362163f2a62f9d60140e3ac311d95e7b554e30f37adcb98a0
398378-2023,05158032,open,,,false,,open,same_literal_code,legacy Section IV.1.1,,,,unverified,Offenes Verfahren,dbc63fbf33de6698433f8b8d6de1ff0b96f8be8a29d5c1949be1ff26c0914074
400779-2022,05370012,open,,,false,,open,same_literal_code,legacy Section IV.1.1,,,,unverified,Offenes Verfahren,0e228f61557fec3caa019c14cdd326cd7355d4d66da77c4cb817652e169ca9e1
415814-2021,05962024,open,,,false,,open,same_literal_code,legacy Section IV.1.1,,,,unverified,Offenes Verfahren,d41b4d4cd2ffbb30260cadfe8ab8c2161d30b953f39a4850b5c58d667294ae0b
44116-2023,05158032,open,,,false,,open,same_literal_code,legacy Section IV.1.1,,,,unverified,Offenes Verfahren,bfa030ae7d196898b994b6c6034ad409ff09a439018b05167b2c42e94c75fb35
450685-2022,05962024,open,,,false,,open,same_literal_code,legacy Section IV.1.1,,,,unverified,Offenes Verfahren,0f623cee35a9ee6b4e1f7f26c77196afda35d6dd784a7bb9ddde8d39d8548aad
508027-2023,05962024,open,,,false,,open,same_literal_code,legacy Section IV.1.1,,,,unverified,Offenes Verfahren,83599768967d81a5e8560a4d5329bcb18929e8d464cf1dd48544c5c13f980533
508498-2021,05370012,open,,,false,,open,same_literal_code,legacy Section IV.1.1,,,,unverified,Offenes Verfahren,8e0a7e54a76b2523fc75e13bd58f45272fe1e2c9b4f58c723257d2b7eaf14cab
510704-2021,05370012,open,,,false,,open,same_literal_code,legacy Section IV.1.1,,,,unverified,Offenes Verfahren,da1ee68494c1c6d58f677f2f94a030ebf00d804297cde5b42c917add896a5298
511041-2021,05370012,neg-w-call,,,false,,neg-w-call,same_literal_code,legacy Section IV.1.1,,,,unverified,Verhandlungsverfahren,cde6577cf6627b98665ff390792df07b70ba4f09cf6af9fe22e8a81c7d968a53
517018-2021,05370012,open,,,false,,open,same_literal_code,legacy Section IV.1.1,,,,unverified,Offenes Verfahren,860c0533be49f406463e9f5f5c77f949a30c0c97e2f1f25b3f457d6220e406b2
565529-2023,05158032,neg-w-call,,,false,,neg-w-call,same_literal_code,legacy Section IV.1.1,,,,unverified,Verhandlungsverfahren,5d748140931f88acc38f016b9bfc5d23914c8b4389979bec443de9d4cc28a3a1
579253-2021,05370012,open,,,false,,open,same_literal_code,legacy Section IV.1.1,,,,unverified,Offenes Verfahren,12ac6b9099e7c0700ef7892ebf47084544c1cdc26d35e5674d8762b5fa40a5b3
587436-2023,05158032,open,,,false,,open,same_literal_code,legacy Section IV.1.1,,,,unverified,Offenes Verfahren,6ea6fabfa54c4bf422c3b4ef04c55339938c4ff2876ee9a36d8f887993cad3cf
587512-2022,05962024,open,,,false,,open,same_literal_code,legacy Section IV.1.1,,,,unverified,Offenes Verfahren,65f4c41446f92ed553e18c345180b5c53697cc9f3ebac0b263f6a3bcbed8a087
587521-2023,05962024,neg-w-call,,,false,,neg-w-call,same_literal_code,legacy Section IV.1.1,,,,unverified,Verhandlungsverfahren,2e0b30d11e4a1486b9dfc837bfedf7e3a47a2c973dccf0bf74855e96bb0120dc
592004-2022,05962024,open,,,false,,open,same_literal_code,legacy Section IV.1.1,,,,unverified,Offenes Verfahren,42bbbef19e750e0854ffea9ff13827eee370d22bad8bb48d92b3a35fda702b8b
592007-2022,05962024,neg-w-call,,,false,,neg-w-call,same_literal_code,legacy Section IV.1.1,,,,unverified,Verhandlungsverfahren,94e533ee4dc8ebf1b4e7993bbf93099b62907ddc8005e240e03be89677d3a79d
606073-2023,05158032,open,,,false,,open,same_literal_code,legacy Section IV.1.1,,,,unverified,Offenes Verfahren,596c0c77584937c8e7f734943813e7ba80a60820c5f4a7ca63c2254a42c6b6f5
607617-2023,05158032,open,,,false,,open,same_literal_code,legacy Section IV.1.1,,,,unverified,Offenes Verfahren,213006eb10f4474b5939f5f45d50f9c5075c600642bf94d642f48d67dbe1e235
630936-2022,05158032,open,,,false,,open,same_literal_code,legacy Section IV.1.1,,,,unverified,Offenes Verfahren,c706deb927f18b92190e4b4b9e797549ff14a00866095f3216e922a0673a6524
635808-2023,05158032,open,,,false,,open,same_literal_code,legacy Section IV.1.1,,,,unverified,Offenes Verfahren,bebec8dc10ddab49d4a2d0fc4a21f7b317d40485c753268c7b708ec88415d904
670383-2022,05158032,open,,,false,,open,same_literal_code,legacy Section IV.1.1,,,,unverified,Offenes Verfahren,6aad68ed8d5eb810e093abe351f9d0c7d5222e9aca89c25d2bc4e03accbf573d
6998-2023,05370012,open,,,false,,open,same_literal_code,legacy Section IV.1.1,,,,unverified,Offenes Verfahren,afae7b3fbd8b7ef5cd65b1f7cca053c3cc59dcb8431e0bb92f7b79fb3dbf4597
74979-2022,05370012,open,,,false,,open,same_literal_code,legacy Section IV.1.1,,,,unverified,Offenes Verfahren,e6513a103ca503fb0cce3b09874ea9300f007e68a4f6ef56ee5550081c11a2d9
