observation_key,publication_number,ags,procedure_code_source,procedure_type_locator,received_tenders,contract_conclusion_date,candidate_competition_date,previous_timing_status,timing_disposition,bidder_outcome_sample_selection,main_treatment_assignment
100570-2023:pdf:legacy:1,100570-2023,05158032,neg-w-call,legacy Section IV.1.1,3,2023-02-09,2021-11-10,documented_chronology_supported,documented_competition_chronology_supported,not_prespecified,unverified
103107-2021:pdf:legacy:1,103107-2021,05962024,open,legacy Section IV.1.1,10,2021-02-01,2020-10-30,documented_chronology_supported,documented_competition_chronology_supported,not_prespecified,unverified
107193-2022:pdf:legacy:1,107193-2022,05962024,neg-w-call,legacy Section IV.1.1,2,2022-02-16,2021-11-22,documented_chronology_supported,documented_competition_chronology_supported,not_prespecified,unverified
108865-2022:pdf:legacy:1,108865-2022,05962024,open,legacy Section IV.1.1,3,2022-02-09,2021-11-02,documented_chronology_supported,documented_competition_chronology_supported,not_prespecified,unverified
108865-2022:pdf:legacy:2,108865-2022,05962024,open,legacy Section IV.1.1,1,2022-02-09,2021-11-02,documented_chronology_supported,documented_competition_chronology_supported,not_prespecified,unverified
108865-2022:pdf:legacy:3,108865-2022,05962024,open,legacy Section IV.1.1,3,2022-02-09,2021-11-02,documented_chronology_supported,documented_competition_chronology_supported,not_prespecified,unverified
109750-2022:pdf:legacy:1,109750-2022,05962024,open,legacy Section IV.1.1,4,2022-02-21,2021-11-23,documented_chronology_supported,documented_competition_chronology_supported,not_prespecified,unverified
126218-2024:pdf:eform:LOT-0001,126218-2024,05158032,open,original XML cac:TenderingProcess/cbc:ProcedureCode,3,2024-02-02,2023-11-17,documented_chronology_supported,documented_competition_chronology_supported,not_prespecified,unverified
131327-2021:pdf:legacy:1,131327-2021,05962024,neg-w-call,legacy Section IV.1.1,3,2020-10-19,2020-06-16,documented_chronology_supported,documented_competition_chronology_supported,not_prespecified,unverified
143631-2021:pdf:legacy:1,143631-2021,05158032,open,legacy Section IV.1.1,1,2021-03-01,2020-11-11,documented_chronology_supported,documented_competition_chronology_supported,not_prespecified,unverified
143631-2021:pdf:legacy:2,143631-2021,05158032,open,legacy Section IV.1.1,2,2021-03-01,2020-11-11,documented_chronology_supported,documented_competition_chronology_supported,not_prespecified,unverified
151045-2022:pdf:legacy:1,151045-2022,05962024,restricted,legacy Section IV.1.1,5,2022-02-09,2021-10-12,documented_chronology_supported,documented_competition_chronology_supported,not_prespecified,unverified
151563-2021:pdf:legacy:1,151563-2021,05962024,open,legacy Section IV.1.1,17,2021-03-08,2020-12-18,documented_chronology_supported,documented_competition_chronology_supported,not_prespecified,unverified
151670-2021:pdf:legacy:1,151670-2021,05962024,open,legacy Section IV.1.1,3,2021-03-05,2021-01-22,documented_chronology_supported,documented_competition_chronology_supported,not_prespecified,unverified
152900-2022:pdf:legacy:1,152900-2022,05962024,open,legacy Section IV.1.1,10,2022-03-08,2022-01-28,documented_chronology_supported,documented_competition_chronology_supported,not_prespecified,unverified
152901-2022:pdf:legacy:1,152901-2022,05962024,neg-w-call,legacy Section IV.1.1,4,2022-02-21,2021-07-27,documented_chronology_supported,documented_competition_chronology_supported,not_prespecified,unverified
17130-2024:pdf:eform:LOT-0001,17130-2024,05158032,open,original XML cac:TenderingProcess/cbc:ProcedureCode,12,2023-11-08,,competition_missing_or_review_pending,competition_identity_or_date_review_pending,not_prespecified,unverified
194586-2023:pdf:legacy:1,194586-2023,05158032,open,legacy Section IV.1.1,1,2023-03-24,2022-12-09,documented_chronology_supported,documented_competition_chronology_supported,not_prespecified,unverified
194586-2023:pdf:legacy:2,194586-2023,05158032,open,legacy Section IV.1.1,4,2023-03-24,2022-12-09,documented_chronology_supported,documented_competition_chronology_supported,not_prespecified,unverified
194586-2023:pdf:legacy:3,194586-2023,05158032,open,legacy Section IV.1.1,2,2023-03-24,2022-12-09,documented_chronology_supported,documented_competition_chronology_supported,not_prespecified,unverified
194586-2023:pdf:legacy:4,194586-2023,05158032,open,legacy Section IV.1.1,1,2023-03-24,2022-12-09,documented_chronology_supported,documented_competition_chronology_supported,not_prespecified,unverified
196097-2022:pdf:legacy:1,196097-2022,05962024,neg-w-call,legacy Section IV.1.1,4,2022-04-04,2021-07-20,documented_chronology_supported,documented_competition_chronology_supported,not_prespecified,unverified
196766-2024:pdf:eform:LOT-0001,196766-2024,05370012,neg-w-call,original XML cac:TenderingProcess/cbc:ProcedureCode,3,2024-03-20,,competition_missing_or_review_pending,competition_identity_or_date_review_pending,not_prespecified,unverified
200526-2022:pdf:legacy:1,200526-2022,05158032,open,legacy Section IV.1.1,1,2022-03-17,2022-01-10,documented_chronology_supported,documented_competition_chronology_supported,not_prespecified,unverified
21732-2021:pdf:legacy:1,21732-2021,05962024,open,legacy Section IV.1.1,3,2020-12-19,2020-10-13,documented_chronology_supported,documented_competition_chronology_supported,not_prespecified,unverified
218390-2024:pdf:eform:LOT-0001,218390-2024,05370012,open,original XML cac:TenderingProcess/cbc:ProcedureCode,13,2024-03-28,2024-01-30,documented_chronology_supported,documented_competition_chronology_supported,not_prespecified,unverified
244394-2022:pdf:legacy:1,244394-2022,05158032,open,legacy Section IV.1.1,22,2022-04-25,2022-02-28,documented_chronology_supported,documented_competition_chronology_supported,not_prespecified,unverified
249478-2023:pdf:legacy:1,249478-2023,05962024,open,legacy Section IV.1.1,4,2023-04-11,2023-01-20,documented_chronology_supported,documented_competition_chronology_supported,not_prespecified,unverified
25385-2023:pdf:legacy:1,25385-2023,05158032,open,legacy Section IV.1.1,4,2022-12-23,2022-08-03,documented_chronology_supported,documented_competition_chronology_supported,not_prespecified,unverified
25385-2023:pdf:legacy:2,25385-2023,05158032,open,legacy Section IV.1.1,4,2022-12-23,2022-08-03,documented_chronology_supported,documented_competition_chronology_supported,not_prespecified,unverified
258948-2024:pdf:eform:LOT-0001,258948-2024,05158032,open,original XML cac:TenderingProcess/cbc:ProcedureCode,1,2024-04-22,2024-02-26,documented_chronology_supported,documented_competition_chronology_supported,not_prespecified,unverified
275886-2022:pdf:legacy:1,275886-2022,05158032,neg-w-call,legacy Section IV.1.1,2,2022-05-19,2021-03-10,documented_chronology_supported,documented_competition_chronology_supported,not_prespecified,unverified
277333-2023:pdf:legacy:1,277333-2023,05962024,open,legacy Section IV.1.1,2,2023-04-19,2023-01-20,documented_chronology_supported,documented_competition_chronology_supported,not_prespecified,unverified
293045-2022:pdf:legacy:1,293045-2022,05962024,open,legacy Section IV.1.1,4,2022-05-02,2022-03-16,documented_chronology_supported,documented_competition_chronology_supported,not_prespecified,unverified
293045-2022:pdf:legacy:2,293045-2022,05962024,open,legacy Section IV.1.1,3,2022-05-02,2022-03-16,documented_chronology_supported,documented_competition_chronology_supported,not_prespecified,unverified
293045-2022:pdf:legacy:3,293045-2022,05962024,open,legacy Section IV.1.1,3,2022-05-02,2022-03-16,documented_chronology_supported,documented_competition_chronology_supported,not_prespecified,unverified
293045-2022:pdf:legacy:4,293045-2022,05962024,open,legacy Section IV.1.1,4,2022-05-02,2022-03-16,documented_chronology_supported,documented_competition_chronology_supported,not_prespecified,unverified
293810-2022:pdf:legacy:1,293810-2022,05962024,open,legacy Section IV.1.1,2,2022-05-02,2022-03-02,documented_chronology_supported,documented_competition_chronology_supported,not_prespecified,unverified
293810-2022:pdf:legacy:2,293810-2022,05962024,open,legacy Section IV.1.1,2,2022-05-02,2022-03-02,documented_chronology_supported,documented_competition_chronology_supported,not_prespecified,unverified
293810-2022:pdf:legacy:3,293810-2022,05962024,open,legacy Section IV.1.1,2,2022-05-02,2022-03-02,documented_chronology_supported,documented_competition_chronology_supported,not_prespecified,unverified
293810-2022:pdf:legacy:4,293810-2022,05962024,open,legacy Section IV.1.1,2,2022-05-02,2022-03-02,documented_chronology_supported,documented_competition_chronology_supported,not_prespecified,unverified
300783-2022:pdf:legacy:1,300783-2022,05370012,neg-w-call,legacy Section IV.1.1,5,2022-05-31,2021-12-28,documented_chronology_supported,documented_competition_chronology_supported,not_prespecified,unverified
32965-2023:pdf:legacy:1,32965-2023,05962024,open,legacy Section IV.1.1,1,2022-12-27,2022-10-12,documented_chronology_supported,documented_competition_chronology_supported,not_prespecified,unverified
32965-2023:pdf:legacy:2,32965-2023,05962024,open,legacy Section IV.1.1,4,2022-12-27,2022-10-12,documented_chronology_supported,documented_competition_chronology_supported,not_prespecified,unverified
34286-2023:pdf:legacy:1,34286-2023,05962024,open,legacy Section IV.1.1,1,2022-12-27,2022-10-12,documented_chronology_supported,documented_competition_chronology_supported,not_prespecified,unverified
34286-2023:pdf:legacy:2,34286-2023,05962024,open,legacy Section IV.1.1,4,2022-12-27,2022-10-12,documented_chronology_supported,documented_competition_chronology_supported,not_prespecified,unverified
346787-2022:pdf:legacy:1,346787-2022,05158032,open,legacy Section IV.1.1,1,2022-05-23,2022-02-09,documented_chronology_supported,documented_competition_chronology_supported,not_prespecified,unverified
346787-2022:pdf:legacy:2,346787-2022,05158032,open,legacy Section IV.1.1,3,2022-05-23,2022-02-09,documented_chronology_supported,documented_competition_chronology_supported,not_prespecified,unverified
346787-2022:pdf:legacy:3,346787-2022,05158032,open,legacy Section IV.1.1,2,2022-05-23,2022-02-09,documented_chronology_supported,documented_competition_chronology_supported,not_prespecified,unverified
346788-2022:pdf:legacy:1,346788-2022,05158032,open,legacy Section IV.1.1,1,2022-06-10,2022-04-06,documented_chronology_supported,documented_competition_chronology_supported,not_prespecified,unverified
346788-2022:pdf:legacy:2,346788-2022,05158032,open,legacy Section IV.1.1,1,2022-06-10,2022-04-06,documented_chronology_supported,documented_competition_chronology_supported,not_prespecified,unverified
346790-2022:pdf:legacy:1,346790-2022,05158032,open,legacy Section IV.1.1,1,2022-05-10,2022-02-04,documented_chronology_supported,documented_competition_chronology_supported,not_prespecified,unverified
346790-2022:pdf:legacy:2,346790-2022,05158032,open,legacy Section IV.1.1,1,2022-05-10,2022-02-04,documented_chronology_supported,documented_competition_chronology_supported,not_prespecified,unverified
359252-2022:pdf:legacy:1,359252-2022,05962024,neg-w-call,legacy Section IV.1.1,1,2022-06-27,2022-02-22,documented_chronology_supported,documented_competition_chronology_supported,not_prespecified,unverified
368819-2022:pdf:legacy:1,368819-2022,05370012,open,legacy Section IV.1.1,2,2022-06-21,2022-03-30,documented_chronology_supported,documented_competition_chronology_supported,not_prespecified,unverified
370898-2022:pdf:legacy:1,370898-2022,05370012,open,legacy Section IV.1.1,6,2022-07-05,2022-03-01,documented_chronology_supported,documented_competition_chronology_supported,not_prespecified,unverified
370898-2022:pdf:legacy:2,370898-2022,05370012,open,legacy Section IV.1.1,2,2022-07-05,2022-03-01,documented_chronology_supported,documented_competition_chronology_supported,not_prespecified,unverified
383504-2024:pdf:eform:LOT-0001,383504-2024,05158032,open,original XML cac:TenderingProcess/cbc:ProcedureCode,3,2024-05-22,2024-03-11,documented_chronology_supported,documented_competition_chronology_supported,not_prespecified,unverified
391720-2022:pdf:legacy:1,391720-2022,05158032,open,legacy Section IV.1.1,3,2022-06-27,2022-03-14,documented_chronology_supported,documented_competition_chronology_supported,not_prespecified,unverified
398378-2023:pdf:legacy:1,398378-2023,05158032,open,legacy Section IV.1.1,1,2023-05-23,2023-03-06,documented_chronology_supported,documented_competition_chronology_supported,not_prespecified,unverified
398378-2023:pdf:legacy:2,398378-2023,05158032,open,legacy Section IV.1.1,1,2023-05-23,2023-03-06,documented_chronology_supported,documented_competition_chronology_supported,not_prespecified,unverified
398378-2023:pdf:legacy:3,398378-2023,05158032,open,legacy Section IV.1.1,1,2023-05-23,2023-03-06,documented_chronology_supported,documented_competition_chronology_supported,not_prespecified,unverified
398378-2023:pdf:legacy:4,398378-2023,05158032,open,legacy Section IV.1.1,1,2023-05-23,2023-03-06,documented_chronology_supported,documented_competition_chronology_supported,not_prespecified,unverified
398378-2023:pdf:legacy:5,398378-2023,05158032,open,legacy Section IV.1.1,1,2023-05-23,2023-03-06,documented_chronology_supported,documented_competition_chronology_supported,not_prespecified,unverified
400779-2022:pdf:legacy:1,400779-2022,05370012,open,legacy Section IV.1.1,4,2022-07-15,2022-05-13,documented_chronology_supported,documented_competition_chronology_supported,not_prespecified,unverified
415814-2021:pdf:legacy:1,415814-2021,05962024,open,legacy Section IV.1.1,4,2021-08-06,2021-04-02,documented_chronology_supported,documented_competition_chronology_supported,not_prespecified,unverified
44116-2023:pdf:legacy:1,44116-2023,05158032,open,legacy Section IV.1.1,1,2022-12-20,2022-10-21,documented_chronology_supported,documented_competition_chronology_supported,not_prespecified,unverified
450685-2022:pdf:legacy:1,450685-2022,05962024,open,legacy Section IV.1.1,1,2022-07-19,2022-05-25,documented_chronology_supported,documented_competition_chronology_supported,not_prespecified,unverified
469602-2024:pdf:eform:LOT-0001,469602-2024,05158032,open,original XML cac:TenderingProcess/cbc:ProcedureCode,4,2024-07-18,2024-04-18,documented_chronology_supported,documented_competition_chronology_supported,not_prespecified,unverified
470373-2024:pdf:eform:LOT-0001,470373-2024,05158032,open,original XML cac:TenderingProcess/cbc:ProcedureCode,3,2024-07-09,2024-05-06,documented_chronology_supported,documented_competition_chronology_supported,not_prespecified,unverified
495897-2024:pdf:eform:LOT-0001,495897-2024,05158032,open,original XML cac:TenderingProcess/cbc:ProcedureCode,2,2024-08-12,2024-05-16,documented_chronology_supported,documented_competition_chronology_supported,not_prespecified,unverified
508027-2023:pdf:legacy:1,508027-2023,05962024,open,legacy Section IV.1.1,12,2023-07-13,2023-04-26,documented_chronology_supported,documented_competition_chronology_supported,not_prespecified,unverified
508027-2023:pdf:legacy:2,508027-2023,05962024,open,legacy Section IV.1.1,12,2023-07-13,2023-04-26,documented_chronology_supported,documented_competition_chronology_supported,not_prespecified,unverified
508027-2023:pdf:legacy:3,508027-2023,05962024,open,legacy Section IV.1.1,12,2023-08-13,2023-04-26,documented_chronology_supported,documented_competition_chronology_supported,not_prespecified,unverified
508027-2023:pdf:legacy:4,508027-2023,05962024,open,legacy Section IV.1.1,12,2023-07-13,2023-04-26,documented_chronology_supported,documented_competition_chronology_supported,not_prespecified,unverified
508027-2023:pdf:legacy:5,508027-2023,05962024,open,legacy Section IV.1.1,12,2023-07-13,2023-04-26,documented_chronology_supported,documented_competition_chronology_supported,not_prespecified,unverified
508027-2023:pdf:legacy:6,508027-2023,05962024,open,legacy Section IV.1.1,12,2023-07-13,2023-04-26,documented_chronology_supported,documented_competition_chronology_supported,not_prespecified,unverified
508027-2023:pdf:legacy:7,508027-2023,05962024,open,legacy Section IV.1.1,12,2023-07-13,2023-04-26,documented_chronology_supported,documented_competition_chronology_supported,not_prespecified,unverified
508027-2023:pdf:legacy:8,508027-2023,05962024,open,legacy Section IV.1.1,12,2023-07-13,2023-04-26,documented_chronology_supported,documented_competition_chronology_supported,not_prespecified,unverified
508498-2021:pdf:legacy:1,508498-2021,05370012,open,legacy Section IV.1.1,6,2021-09-28,2021-07-07,documented_chronology_supported,documented_competition_chronology_supported,not_prespecified,unverified
510704-2021:pdf:legacy:1,510704-2021,05370012,open,legacy Section IV.1.1,11,2021-10-04,2021-07-23,documented_chronology_supported,documented_competition_chronology_supported,not_prespecified,unverified
511041-2021:pdf:legacy:1,511041-2021,05370012,neg-w-call,legacy Section IV.1.1,4,2021-10-04,2021-05-21,documented_chronology_supported,documented_competition_chronology_supported,not_prespecified,unverified
511041-2021:pdf:legacy:2,511041-2021,05370012,neg-w-call,legacy Section IV.1.1,2,2021-10-04,2021-05-21,documented_chronology_supported,documented_competition_chronology_supported,not_prespecified,unverified
517018-2021:pdf:legacy:1,517018-2021,05370012,open,legacy Section IV.1.1,2,2021-10-07,2021-05-25,documented_chronology_supported,documented_competition_chronology_supported,not_prespecified,unverified
538053-2024:pdf:eform:LOT-0001,538053-2024,05158032,open,original XML cac:TenderingProcess/cbc:ProcedureCode,3,2024-08-13,2024-05-17,documented_chronology_supported,documented_competition_chronology_supported,not_prespecified,unverified
539469-2024:pdf:eform:LOT-0001,539469-2024,05158032,open,original XML cac:TenderingProcess/cbc:ProcedureCode,3,2024-08-26,2024-05-15,documented_chronology_supported,documented_competition_chronology_supported,not_prespecified,unverified
586949-2024:pdf:eform:LOT-0001,586949-2024,05158032,open,original XML cac:TenderingProcess/cbc:ProcedureCode,6,2024-09-16,2024-06-06,documented_chronology_supported,documented_competition_chronology_supported,not_prespecified,unverified
587436-2023:pdf:legacy:1,587436-2023,05158032,open,legacy Section IV.1.1,4,2023-09-21,2023-07-26,documented_chronology_supported,documented_competition_chronology_supported,not_prespecified,unverified
587512-2022:pdf:legacy:1,587512-2022,05962024,open,legacy Section IV.1.1,1,2022-10-12,2022-06-17,documented_chronology_supported,documented_competition_chronology_supported,not_prespecified,unverified
587521-2023:pdf:legacy:1,587521-2023,05962024,neg-w-call,legacy Section IV.1.1,2,2023-09-14,2023-07-07,documented_chronology_supported,documented_competition_chronology_supported,not_prespecified,unverified
592004-2022:pdf:legacy:1,592004-2022,05962024,open,legacy Section IV.1.1,1,2022-09-27,2022-07-05,documented_chronology_supported,documented_competition_chronology_supported,not_prespecified,unverified
592004-2022:pdf:legacy:2,592004-2022,05962024,open,legacy Section IV.1.1,1,2022-09-27,2022-07-05,documented_chronology_supported,documented_competition_chronology_supported,not_prespecified,unverified
592007-2022:pdf:legacy:1,592007-2022,05962024,neg-w-call,legacy Section IV.1.1,4,2022-09-26,2022-04-26,documented_chronology_supported,documented_competition_chronology_supported,not_prespecified,unverified
606073-2023:pdf:legacy:1,606073-2023,05158032,open,legacy Section IV.1.1,6,2023-09-18,2023-06-28,documented_chronology_supported,documented_competition_chronology_supported,not_prespecified,unverified
607617-2023:pdf:legacy:1,607617-2023,05158032,open,legacy Section IV.1.1,4,2023-09-29,2023-07-11,documented_chronology_supported,documented_competition_chronology_supported,not_prespecified,unverified
628629-2024:pdf:eform:LOT-0000,628629-2024,05370012,open,original XML cac:TenderingProcess/cbc:ProcedureCode,4,2024-09-27,2024-07-31,documented_chronology_supported,documented_competition_chronology_supported,not_prespecified,unverified
630936-2022:pdf:legacy:1,630936-2022,05158032,open,legacy Section IV.1.1,2,2022-08-22,2022-07-20,documented_chronology_supported,documented_competition_chronology_supported,not_prespecified,unverified
635808-2023:pdf:legacy:1,635808-2023,05158032,open,legacy Section IV.1.1,2,2023-09-22,2023-07-19,documented_chronology_supported,documented_competition_chronology_supported,not_prespecified,unverified
670383-2022:pdf:legacy:1,670383-2022,05158032,open,legacy Section IV.1.1,1,2022-11-20,2022-09-14,documented_chronology_supported,documented_competition_chronology_supported,not_prespecified,unverified
6998-2023:pdf:legacy:1,6998-2023,05370012,open,legacy Section IV.1.1,5,2022-12-22,2022-09-12,documented_chronology_supported,documented_competition_chronology_supported,not_prespecified,unverified
707371-2023:pdf:eform:LOT-0001,707371-2023,05370012,open,original XML cac:TenderingProcess/cbc:ProcedureCode,4,2023-11-17,2023-09-11,documented_chronology_supported,documented_competition_chronology_supported,not_prespecified,unverified
707371-2023:pdf:eform:LOT-0002,707371-2023,05370012,open,original XML cac:TenderingProcess/cbc:ProcedureCode,5,2023-11-17,2023-09-11,documented_chronology_supported,documented_competition_chronology_supported,not_prespecified,unverified
726107-2024:pdf:eform:LOT-0001,726107-2024,05158032,open,original XML cac:TenderingProcess/cbc:ProcedureCode,1,2024-10-01,,competition_missing_or_review_pending,competition_identity_or_date_review_pending,not_prespecified,unverified
74979-2022:pdf:legacy:1,74979-2022,05370012,open,legacy Section IV.1.1,4,2022-02-07,2021-10-06,documented_chronology_supported,documented_competition_chronology_supported,not_prespecified,unverified
786759-2024:pdf:eform:LOT-0001,786759-2024,05158032,neg-w-call,original XML cac:TenderingProcess/cbc:ProcedureCode,2,2024-10-30,,competition_missing_or_review_pending,competition_identity_or_date_review_pending,not_prespecified,unverified
788767-2024:pdf:eform:LOT-0001,788767-2024,05158032,open,original XML cac:TenderingProcess/cbc:ProcedureCode,2,2024-11-06,2024-07-29,documented_chronology_supported,documented_competition_chronology_supported,not_prespecified,unverified
126957-2024:xml:RES-0001,126957-2024,05370012,neg-w-call,original XML cac:TenderingProcess/cbc:ProcedureCode,3,2024-02-14,,competition_missing_or_review_pending,competition_identity_or_date_review_pending,not_prespecified,unverified
254530-2024:xml:RES-0001,254530-2024,05166032,open,original XML cac:TenderingProcess/cbc:ProcedureCode,1,2024-04-15,2024-02-05,documented_chronology_supported,documented_competition_chronology_supported,not_prespecified,unverified
254530-2024:xml:RES-0002,254530-2024,05166032,open,original XML cac:TenderingProcess/cbc:ProcedureCode,1,2024-04-15,2024-02-05,documented_chronology_supported,documented_competition_chronology_supported,not_prespecified,unverified
254530-2024:xml:RES-0003,254530-2024,05166032,open,original XML cac:TenderingProcess/cbc:ProcedureCode,1,2024-04-15,2024-02-05,documented_chronology_supported,documented_competition_chronology_supported,not_prespecified,unverified
254530-2024:xml:RES-0004,254530-2024,05166032,open,original XML cac:TenderingProcess/cbc:ProcedureCode,1,2024-04-15,2024-02-05,documented_chronology_supported,documented_competition_chronology_supported,not_prespecified,unverified
254530-2024:xml:RES-0005,254530-2024,05166032,open,original XML cac:TenderingProcess/cbc:ProcedureCode,1,2024-04-15,2024-02-05,documented_chronology_supported,documented_competition_chronology_supported,not_prespecified,unverified
381033-2024:xml:RES-0001,381033-2024,05166032,restricted,original XML cac:TenderingProcess/cbc:ProcedureCode,3,2024-06-21,2024-03-07,documented_chronology_supported,documented_competition_chronology_supported,not_prespecified,unverified
381033-2024:xml:RES-0002,381033-2024,05166032,restricted,original XML cac:TenderingProcess/cbc:ProcedureCode,2,2024-06-21,2024-03-07,documented_chronology_supported,documented_competition_chronology_supported,not_prespecified,unverified
381033-2024:xml:RES-0003,381033-2024,05166032,restricted,original XML cac:TenderingProcess/cbc:ProcedureCode,3,2024-06-21,2024-03-07,documented_chronology_supported,documented_competition_chronology_supported,not_prespecified,unverified
381033-2024:xml:RES-0004,381033-2024,05166032,restricted,original XML cac:TenderingProcess/cbc:ProcedureCode,2,2024-06-21,2024-03-07,documented_chronology_supported,documented_competition_chronology_supported,not_prespecified,unverified
760455-2024:xml:RES-0001,760455-2024,05166032,neg-w-call,original XML cac:TenderingProcess/cbc:ProcedureCode,3,2024-11-29,2024-08-02,documented_chronology_supported,documented_competition_chronology_supported,not_prespecified,unverified
761195-2024:xml:RES-0001,761195-2024,05166032,neg-w-call,original XML cac:TenderingProcess/cbc:ProcedureCode,3,2024-11-29,2024-08-02,documented_chronology_supported,documented_competition_chronology_supported,not_prespecified,unverified
374488-2024:xml:RES-0001,374488-2024,05978036,neg-wo-call,original XML cac:TenderingProcess/cbc:ProcedureCode,1,2024-06-21,,competition_missing_or_review_pending,no_prior_call_procedure_requires_separate_timing_rule,not_prespecified,unverified
519951-2024:xml:RES-0001,519951-2024,05962060,open,original XML cac:TenderingProcess/cbc:ProcedureCode,5,2024-08-26,2024-07-01,documented_chronology_supported,documented_competition_chronology_supported,not_prespecified,unverified
610665-2024:xml:RES-0001,610665-2024,05978036,neg-wo-call,original XML cac:TenderingProcess/cbc:ProcedureCode,1,2024-09-13,,competition_missing_or_review_pending,no_prior_call_procedure_requires_separate_timing_rule,not_prespecified,unverified
657189-2024:xml:RES-0001,657189-2024,05978036,neg-wo-call,original XML cac:TenderingProcess/cbc:ProcedureCode,1,2024-10-25,,competition_missing_or_review_pending,no_prior_call_procedure_requires_separate_timing_rule,not_prespecified,unverified
740622-2024:xml:RES-0001,740622-2024,05978036,open,original XML cac:TenderingProcess/cbc:ProcedureCode,5,2024-12-02,2024-09-24,documented_chronology_supported,documented_competition_chronology_supported,not_prespecified,unverified
