source_id,source_url,provider_host,status,sha256,bytes,retrieved_at_utc,retrieval_date_precision,local_file,final_url,http_status,failure_reason,document_date,document_date_precision,authorship,review_use
augustdorf-nominations-2020,https://www.augustdorf.de/loadDocument.phtml?Ext=PDF&ObjID=1167&ObjLa=1&ObjSvrID=3027,www.augustdorf.de,unavailable,,,2026-10-05T13:40:55.599840+00:00,instant,,https://www.augustdorf.de/loadDocument.phtml?Ext=PDF&ObjID=1167&ObjLa=1&ObjSvrID=3027,200,Empty or insufficient source response,,,,discovery_or_unaccepted
beckum-utilities-2020,https://www.beckum.de/rathaus-service/finanzen/beteiligungen/eigenbetriebe/eb-81-jahresabschluss-2020.pdf?cid=3bn,www.beckum.de,acquired,13293bdab0b28c67ed992807d7fbc0dc863d1c34d483fdc6f58fb0d2ebd7ef93,3754685,2026-10-05T13:40:39.532066+00:00,instant,data/raw/nrw-close-pair-screen/beckum-utilities-2020.pdf,https://www.beckum.de/rathaus-service/finanzen/beteiligungen/eigenbetriebe/eb-81-jahresabschluss-2020.pdf?cid=3bn,200,,,unverified_publication_date,official primary,accepted_public_presentation
borchen-community-history,https://www.borchen.de/de/gemeinde/gemeindeinfos/gemeindeportrait.php,www.borchen.de,acquired,be47aee7312bcabe539817027ad82531a4e776174f264b7deaca3dadad46fb52,109332,2026-10-05T13:41:01.462599+00:00,instant,data/raw/nrw-close-pair-screen/borchen-community-history.html,https://www.borchen.de/de/gemeinde/gemeindeinfos/gemeindeportrait.php,200,,,,,discovery_or_unaccepted
buende-mayor-history,https://www.buende.de/Rathaus-I-Politik/B%C3%BCrgermeisterin/?La=1,www.buende.de,acquired,88e11398a2341c1194b1aac820142d57f70b69d5012abc491f9fe95d94943033,64688,2026-10-05T13:40:52.961417+00:00,instant,data/raw/nrw-close-pair-screen/buende-mayor-history.html,https://www.buende.de/Rathaus-I-Politik/B%C3%BCrgermeisterin/?La=1,200,,,unverified_publication_date,official primary,accepted_public_presentation
doerentrup-election-2020,https://www.doerentrup-lippe.de/media/custom/1700_1405_1.PDF?1600247726=,www.doerentrup-lippe.de,acquired,7132ffd073a626598d7a24bc193fdd4056b177d5d2405638860b3ed05cf45e35,469230,2026-10-05T13:40:54.426802+00:00,instant,data/raw/nrw-close-pair-screen/doerentrup-election-2020.pdf,https://www.doerentrup-lippe.de/media/custom/1700_1405_1.PDF?1600247726=,200,,,,,discovery_or_unaccepted
dortmund-council-2020,https://rathaus.dortmund.de/dosys/dorat.nsf/NiederschriftXP.xsp?SessionID=4634AD46E47D7171FE0FBCAB95A41D63A319A5EE&action=openDocument&documentId=D85895B3859D4B15C125868B004EAD60,rathaus.dortmund.de,acquired,764e48a42ab2e86374ea2c3efaedf3f961256d44c1d10799996853a70a1c5cdf,407465,2026-10-05T13:40:46.406477+00:00,instant,data/raw/nrw-close-pair-screen/dortmund-council-2020.html,https://rathaus.dortmund.de/dosys/dorat.nsf/NiederschriftXP.xsp?SessionID=4634AD46E47D7171FE0FBCAB95A41D63A319A5EE&action=openDocument&documentId=D85895B3859D4B15C125868B004EAD60,200,,2020-11-12,day,official primary,accepted_public_presentation
enger-election-history,https://www.enger.de/Rathaus/Wahlen/Kommunalwahl/Wahlergebnisse,www.enger.de,acquired,ac0d6141bc0bbc654965f8d5b23fc37b7347f47810f95706407297aaade269ca,66952,2026-10-05T13:40:59.768669+00:00,instant,data/raw/nrw-close-pair-screen/enger-election-history.html,https://www.enger.de/Rathaus/Wahlen/Kommunalwahl/Wahlergebnisse,200,,,,,discovery_or_unaccepted
erftstadt-mayor-history,https://www.erftstadt.de/rathaus-politik/buergermeisterin.php,www.erftstadt.de,acquired,af1efe08b0f5bc07734e901e0bfa736036eeeefcce95663a5afeb2f78ec06ea9,11806,2026-10-05T13:41:02.071937+00:00,instant,data/raw/nrw-close-pair-screen/erftstadt-mayor-history.html,https://www.erftstadt.de/rathaus-politik/buergermeisterin.php,200,,,,,discovery_or_unaccepted
frechen-peters-2020,https://spd-frechen.de/2020/08/31/strassenausbaubeitraege-nicht-mehr-zeitgemaess/,spd-frechen.de,acquired,6161948425df587eec49cf6ad13dc721156a28251fd1a5a1be84d0af96a73fbf,201392,2026-10-05T13:42:44.983050+00:00,instant,data/raw/nrw-close-pair-screen/frechen-peters-2020.html,https://spd-frechen.de/2020/08/31/strassenausbaubeitraege-nicht-mehr-zeitgemaess/,200,,,,,discovery_or_unaccepted
geilenkirchen-minutes-2020,https://stadt-gk.de/bi/getfile.asp?id=31103&type=do,stadt-gk.de,acquired,ed54802c5d3f4eeabe08072ea9b5d48eefd7e35117256667bb41228e9ddd5258,458194,2026-10-05T13:35:48.238641+00:00,instant,data/raw/nrw-close-pair-screen/geilenkirchen-minutes-2020.pdf,https://stadt-gk.de/bi/getfile.asp?id=31103&type=do,200,,2020-09-02,day,official primary,accepted_public_presentation
geilenkirchen-ritzerfeld-2020,https://rat.geilenkirchen.de/bi/to0050.asp?__ktonr=21411,rat.geilenkirchen.de,acquired,f70017d26d877e4b325c525509dbf84c82a77dad35cd53a4042ff48b7b3e7b20,15856,2026-10-05T13:35:41.442688+00:00,instant,data/raw/nrw-close-pair-screen/geilenkirchen-ritzerfeld-2020.html,https://rat.geilenkirchen.de/bi/to0050.asp?__ktonr=21411,200,,2020-11-11,day,official primary,accepted_public_presentation
geilenkirchen-schmitz-farewell,https://rat.geilenkirchen.de/bi/getfile.asp?id=33783&type=do,rat.geilenkirchen.de,acquired,57d0c7ac3d3f1aeaa03678a92d45bb558dca1e7977a4a8fe183cbb27726c10ac,178087,2026-10-05T13:35:41.442307+00:00,instant,data/raw/nrw-close-pair-screen/geilenkirchen-schmitz-farewell.pdf,https://rat.geilenkirchen.de/bi/getfile.asp?id=33783&type=do,200,,,,,discovery_or_unaccepted
grefrath-cdu-election-2020,https://www.cdu-grefrath.de/artikel/stefan-schumeckers-ist-neuer-buergermeister,www.cdu-grefrath.de,acquired,c9465699a594d306ae065202b0f2e3c1bbae41ff2d4b0f38b3dbe55b89483e9c,52715,2026-10-05T13:40:42.674792+00:00,instant,data/raw/nrw-close-pair-screen/grefrath-cdu-election-2020.html,https://www.cdu-grefrath.de/artikel/stefan-schumeckers-ist-neuer-buergermeister,200,,,,,discovery_or_unaccepted
havixbeck-minutes-2020,https://www.ris-havixbeck.de/bi/getfile.php?id=71679&type=do,www.ris-havixbeck.de,acquired,8f76aba86d6e14ad33c30fc7381b8a4e2e574868a07ecdc2e420d7470022d471,530789,2026-10-05T13:40:39.532639+00:00,instant,data/raw/nrw-close-pair-screen/havixbeck-minutes-2020.pdf,https://www.ris-havixbeck.de/bi/getfile.php?id=71679&type=do,200,,2020-11-05,day,official primary,accepted_public_presentation
havixbeck-moeltgen-2020,https://gruene-havixbeck.de/gruene-waehlen-ratsherrn-aus-muenster-zum-buergermeisterkandidat/,gruene-havixbeck.de,acquired,781979b4da3f8bf5fbc42bcc875104e70cbc01ac0854200da91670887c7f5fcf,54769,2026-10-05T13:35:44.716083+00:00,instant,data/raw/nrw-close-pair-screen/havixbeck-moeltgen-2020.html,https://gruene-havixbeck.de/gruene-waehlen-ratsherrn-aus-muenster-zum-buergermeisterkandidat/,200,,,,,discovery_or_unaccepted
heiden-cdu-dec2020,https://www.cdu-heiden.de/image/inhalte/file/Dezember_2020.pdf,www.cdu-heiden.de,acquired,54cbf38bec5c022e9195ddaac8f042061c14440985faf3e220e70d3ebb1b79f3,3414202,2026-10-05T13:35:48.309213+00:00,instant,data/raw/nrw-close-pair-screen/heiden-cdu-dec2020.pdf,https://www.cdu-heiden.de/image/inhalte/file/Dezember_2020.pdf,200,,,,,discovery_or_unaccepted
heiden-cdu-sep2020,https://www.cdu-heiden.de/image/inhalte/file/HeidenAktuell_09_2020.pdf,www.cdu-heiden.de,acquired,29b34061e25d842217ed1583c64e3dd3cbaf934dc82a80756487234b5e8caf74,5850218,2026-10-05T13:35:48.831243+00:00,instant,data/raw/nrw-close-pair-screen/heiden-cdu-sep2020.pdf,https://www.cdu-heiden.de/image/inhalte/file/HeidenAktuell_09_2020.pdf,200,,,,,discovery_or_unaccepted
heiden-spd-programme-2020,https://spd-heiden.de/aktuelles/archiv/114-das-wahlprogramm-der-spd-fuer-heiden,spd-heiden.de,unavailable,,,2026-10-05T13:35:47.013543+00:00,instant,,,,HTTP Error 403: Forbidden,,,,discovery_or_unaccepted
heimbach-journal-2020,https://www.heimbach-eifel.de/downloads/stadtjournal/20_20_inet.pdf,www.heimbach-eifel.de,acquired,cbd384f2ddff684cebd2e4b5ccd24166abab6ba2e3cfac05a0d9edce128dab63,1080599,2026-10-05T13:40:39.534564+00:00,instant,data/raw/nrw-close-pair-screen/heimbach-journal-2020.pdf,https://www.heimbach-eifel.de/downloads/stadtjournal/20_20_inet.pdf,200,,2020-10-07,day,official primary,accepted_public_presentation
heimbach-nagelschmidt,https://buergermeister-fuer-heimbach.de/ueber-dirk-nagelschmidt/,buergermeister-fuer-heimbach.de,acquired,1f351c24e0fce40212885d5aa3a93fba1a83f27ff419419ebd70b4d27f0be6ee,55368,2026-10-05T13:35:44.406866+00:00,instant,data/raw/nrw-close-pair-screen/heimbach-nagelschmidt.html,https://buergermeister-fuer-heimbach.de/ueber-dirk-nagelschmidt/,200,,,unverified_publication_date,candidate_or_party_primary,accepted_public_presentation
herten-election-2020,https://www.herten.de/fileadmin/user_upload/Dokumente/Rathaus/Amtsblatt/Archiv/2020/Amtsblatt_25_2020.pdf,www.herten.de,acquired,f8e3b79ae6c84038818ae38148b200767bbd293d2fd0185a8c39732c0c9c94ca,117514,2026-10-05T13:35:43.026175+00:00,instant,data/raw/nrw-close-pair-screen/herten-election-2020.pdf,https://www.herten.de/fileadmin/user_upload/Dokumente/Rathaus/Amtsblatt/Archiv/2020/Amtsblatt_25_2020.pdf,200,,2020-10-02,day,official primary,accepted_public_presentation
herten-participations-2020,https://www.herten.de/fileadmin/documents/herten/Politik_und_Verwaltung/Finanzen/Beteiligungsbericht_Stadt_Herten_2020.pdf,www.herten.de,unavailable,,,2026-10-05T13:40:39.533057+00:00,instant,,,,HTTP Error 404: Not Found,,,,discovery_or_unaccepted
herten-participations-2021,https://www.herten.de/fileadmin/user_upload/Beteiligungsbericht_2021.pdf,www.herten.de,unavailable,,,2026-10-05T13:53:33.812137+00:00,instant,,,,HTTP Error 404: Not Found,,,,discovery_or_unaccepted
herzebrock-nominations-2020,https://www.herzebrock-clarholz.de/buergermeister-und-politik/veroeffentlichungen/amtsblatt-der-gemeinde/archiv-amtsblaetter/2020-10-amtsblatt.pdf?cid=p6,www.herzebrock-clarholz.de,acquired,59a50d330588531a9b35f77ba451fc15a26b04b8179574e6ab818deb4b37e18b,800881,2026-10-05T13:35:46.032134+00:00,instant,data/raw/nrw-close-pair-screen/herzebrock-nominations-2020.pdf,https://www.herzebrock-clarholz.de/buergermeister-und-politik/veroeffentlichungen/amtsblatt-der-gemeinde/archiv-amtsblaetter/2020-10-amtsblatt.pdf?cid=p6,200,,,,,discovery_or_unaccepted
hoexter-mayor-history,https://www.hoexter.de/portal/seiten/buergermeister-908000326-22101.html,www.hoexter.de,acquired,b3ca293d275d871442ee0354a8eced8850711b3ef37cee1fe6ed1940130c08b7,175096,2026-10-05T13:41:00.695049+00:00,instant,data/raw/nrw-close-pair-screen/hoexter-mayor-history.html,https://www.hoexter.de/portal/seiten/buergermeister-908000326-22101.html,200,,,,,discovery_or_unaccepted
horn-blome-2020,https://www.cdu-hbm.de/news/lokal/48/Heinz-Blome-wird-als-parteiloser-Buergermeisterkandidat-von-CDU-und-FDP-aufgestellt.html,www.cdu-hbm.de,acquired,ee9a2f242cc4a7de1335d2c6367a496625081aec1a723068efbf26d651eddcc7,41090,2026-10-05T13:35:43.296255+00:00,instant,data/raw/nrw-close-pair-screen/horn-blome-2020.html,https://www.cdu-hbm.de/news/lokal/48/Heinz-Blome-wird-als-parteiloser-Buergermeisterkandidat-von-CDU-und-FDP-aufgestellt.html,200,,2020-03-13,day,candidate_or_party_primary,accepted_public_presentation
horn-krueger-2020,https://spd-hbm.de/news/stadtverbandsdelegiertenkonferenz2020.html,spd-hbm.de,acquired,3894c41fa00dff61d59a2ab9ad36537856c03d86a0c76e83ce55393cbae13a37,17717,2026-10-05T14:17:43.771423+00:00,instant,data/raw/nrw-close-pair-screen/horn-krueger-2020.html,https://spd-hbm.de/news/stadtverbandsdelegiertenkonferenz2020.html,200,Initial client keyword filter was a false positive: captcha belongs to a comment form or footer asset. Ordinary same-URL response contained inspectable article/person text; no access challenge was solved or bypassed.,2020-06-10,day,candidate_or_party_primary,accepted_public_presentation
iserlohn-campaign-brochure,https://dieiserlohner.de/wp-content/uploads/2020/08/Wahlbroschuere.pdf,dieiserlohner.de,acquired,7eba90ee1be220096f46a132987bceeeac23c9210497f020aa50aec5ed59e01a,6295042,2026-10-05T13:40:41.744533+00:00,instant,data/raw/nrw-close-pair-screen/iserlohn-campaign-brochure.pdf,https://dieiserlohner.de/wp-content/uploads/2020/08/Wahlbroschuere.pdf,200,,,,,discovery_or_unaccepted
iserlohn-joithe-campaign,https://michael-joithe.de/kandidat/,michael-joithe.de,acquired,98263168d2f740663ae4909868fa431d727659e0fa87f3882c5d173c379b3fb2,125287,2026-10-05T13:35:48.128032+00:00,instant,data/raw/nrw-close-pair-screen/iserlohn-joithe-campaign.html,https://michael-joithe.de/kandidat/,200,,,,,discovery_or_unaccepted
iserlohn-joithe-nomination-2020,https://dieiserlohner.de/wp-content/uploads/2020/03/2020-03-12-PM-zur-Mitgliederversammlung-2020.pdf,dieiserlohner.de,acquired,66f534e99a283a5959153d449aa7a1668774f0f97ef7416fb293b2882f30478d,998257,2026-10-05T13:40:42.324764+00:00,instant,data/raw/nrw-close-pair-screen/iserlohn-joithe-nomination-2020.pdf,https://dieiserlohner.de/wp-content/uploads/2020/03/2020-03-12-PM-zur-Mitgliederversammlung-2020.pdf,200,,,unverified_publication_date,candidate_or_party_primary,accepted_public_presentation
iserlohn-kirchhoff-campaign,https://www.waldstadt-weiterdenken.de/,www.waldstadt-weiterdenken.de,acquired,c10f7f023467060a30d121cb61ff7df2c2f598a35bf613c064ce19272dcadac6,100222,2026-10-05T13:48:44.258197+00:00,instant,data/raw/nrw-close-pair-screen/iserlohn-kirchhoff-campaign.html,https://www.waldstadt-weiterdenken.de/,200,,,unverified_publication_date,candidate_or_party_primary,accepted_public_presentation
kempen-nominations-2020,https://www.kempen.de/system/files/C12576F800480AF0/official_announcement/bekanntmachung_wahlvorschlaege_kempen_kw_bmw_2020.pdf,www.kempen.de,acquired,4cfb03e36425fe5ab7a24c54bdafd08790f96281796f93a36b648bca2d5d0967,155486,2026-10-05T13:40:58.551614+00:00,instant,data/raw/nrw-close-pair-screen/kempen-nominations-2020.pdf,https://www.kempen.de/system/files/C12576F800480AF0/official_announcement/bekanntmachung_wahlvorschlaege_kempen_kw_bmw_2020.pdf,200,,,,,discovery_or_unaccepted
kleve-election-2020,https://www.kleve.de/sites/default/files/C1257B420039A698/publications/bekanntmachung_wahlergebnisse.pdf,www.kleve.de,acquired,9cf1ff3a72d508c35b13e73b5f5513cbed10c1b81c996c2b3be8e608c997b52d,284808,2026-10-05T13:40:50.524602+00:00,instant,data/raw/nrw-close-pair-screen/kleve-election-2020.pdf,https://www.kleve.de/sites/default/files/C1257B420039A698/publications/bekanntmachung_wahlergebnisse.pdf,200,,2020-09-15,day,official primary,accepted_public_presentation
ladbergen-buller-history,https://www.ladbergen.de/ratsinfo/mandatstraeger/jh_aGxk5pZxIa3Ld/buller-torsten/,www.ladbergen.de,acquired,1a78a921a3e1dfa372d662273688a50b5b59ba2b390ece209309cb486faa6ca6,284080,2026-10-05T14:17:44.004433+00:00,instant,data/raw/nrw-close-pair-screen/ladbergen-buller-history.html,https://www.ladbergen.de/ratsinfo/mandatstraeger/jh_aGxk5pZxIa3Ld/buller-torsten/,200,Initial client keyword filter was a false positive: captcha belongs to a comment form or footer asset. Ordinary same-URL response contained inspectable article/person text; no access challenge was solved or bypassed.,,,,discovery_or_unaccepted
ldenscheid-mayor-history,https://www.luedenscheid.de/rathaus-und-buerger/rat-politik/buergermeister/die-verwaltungsleitung,www.luedenscheid.de,acquired,a8fdbd6f965505114738d4381e517eb833abb28ad09ba814bf20af47f9f8c3d7,91722,2026-10-05T13:41:00.490783+00:00,instant,data/raw/nrw-close-pair-screen/ldenscheid-mayor-history.html,https://www.luedenscheid.de/rathaus-und-buerger/rat-politik/buergermeister/die-verwaltungsleitung,200,,,,,discovery_or_unaccepted
leichlingen-cdu-review-2020,https://www.cdu-rhein-berg.de/sites/www.cdurbk.de/files/cduinform/cduinform_archiv/cduinform_01_2021_40.pdf,www.cdu-rhein-berg.de,acquired,bf55e285748f1a3047be9cb26087b779c386b7530d0cabcc6d6fad3aa733a390,2972213,2026-10-05T13:40:42.564054+00:00,instant,data/raw/nrw-close-pair-screen/leichlingen-cdu-review-2020.pdf,https://www.cdu-rhein-berg.de/sites/www.cdurbk.de/files/cduinform/cduinform_archiv/cduinform_01_2021_40.pdf,200,,,,,discovery_or_unaccepted
leichlingen-steffes-2020,https://www.spd-leichlingen.de/2020/05/17/zusammen-leichlingen-bewegen/,www.spd-leichlingen.de,acquired,2d407ab3354912e7607364d1279d87280d0803d463bd1d333e1f4262c072a68a,168942,2026-10-05T13:35:45.862103+00:00,instant,data/raw/nrw-close-pair-screen/leichlingen-steffes-2020.html,https://www.spd-leichlingen.de/2020/05/17/zusammen-leichlingen-bewegen/,200,,2020-05-17,day,candidate_or_party_primary,accepted_public_presentation
lohmar-council-history,https://www.lohmar.de/buergerservice-aktuelles-verwaltung-und-rat/info-service/anliegen/rat/stadtrat/,www.lohmar.de,acquired,fe8c1920c36fee0f2852bf5b484cced781a4643301a976609c1c4888d1e62dd1,295602,2026-10-05T13:40:51.657473+00:00,instant,data/raw/nrw-close-pair-screen/lohmar-council-history.html,https://www.lohmar.de/buergerservice-aktuelles-verwaltung-und-rat/info-service/anliegen/rat/stadtrat/,200,,,,,discovery_or_unaccepted
monschau-accounts-2020,https://www.monschau.de/pdf/jahresabschluesse/jahresabschluss-2020.pdf?cid=1jg,www.monschau.de,unavailable,,,2026-10-05T13:40:45.310055+00:00,instant,,https://www.monschau.de/pdf/jahresabschluesse/jahresabschluss-2020.pdf?cid=1jg,200,Source exceeds acquisition limit,,,,discovery_or_unaccepted
monschau-gruene-election-2020,https://www.gruene-monschau.de/2020/09/28/silvia-mertens-wird-die-neue-buergermeisterin-von-monschau/,www.gruene-monschau.de,unavailable,,,2026-10-05T13:40:43.863718+00:00,instant,,,,HTTP Error 404: Not Found,,,,discovery_or_unaccepted
monschau-mertens-oath-2020,https://www.gruene-monschau.de/2020/11/04/silvia-mertens-ist-als-buergermeisterin-von-monschau-vereidigt/,www.gruene-monschau.de,unavailable,,,2026-10-05T13:42:44.791517+00:00,instant,,,,HTTP Error 404: Not Found,,,,discovery_or_unaccepted
monschau-school-article-2020,https://www.mgm-monschau.de/go/meldungen-details/1150--waehlen-fast-wie-in-echt-.html,www.mgm-monschau.de,acquired,9a6d66dea08e9078374f8695f932a4e9e990fab429cd2dbddb2b01422abd7ddf,7979,2026-10-05T13:54:42.293673+00:00,instant,data/raw/nrw-close-pair-screen/monschau-school-article-2020.html,https://www.mgm-monschau.de/go/meldungen-details/1150--waehlen-fast-wie-in-echt-.html,200,,2020-09-02,day,secondary newspaper reprint hosted by school,discovery_or_unaccepted
monschau-school-election-2020,https://www.mgm-monschau.de/go/meldungen/~/250.html,www.mgm-monschau.de,acquired,16d1eb9622958e0d83e1c03e8cae56d6d81621f0d77c161137beb2807b9ccfcc,19459,2026-10-05T13:42:43.730501+00:00,instant,data/raw/nrw-close-pair-screen/monschau-school-election-2020.html,https://www.mgm-monschau.de/go/meldungen/~/250.html,200,,,,,discovery_or_unaccepted
ostbevern-cdu-fraktion-2020,https://cdu-ostbevern.de/news/lokal/410/Mit-Tatkraft-Fachkompetenz-und-stark-verjuengt-geht-die-CDU-Fraktion-Ostbevern-die-neue-Legislaturperiode-an.html,cdu-ostbevern.de,acquired,87e42fb6b381ba07450f4269db169fa15a051d730aa9aa9b2188a7312329e918,36012,2026-10-05T13:35:47.843454+00:00,instant,data/raw/nrw-close-pair-screen/ostbevern-cdu-fraktion-2020.html,https://cdu-ostbevern.de/news/lokal/410/Mit-Tatkraft-Fachkompetenz-und-stark-verjuengt-geht-die-CDU-Fraktion-Ostbevern-die-neue-Legislaturperiode-an.html,200,,2020-11-09,day,candidate_or_party_primary,accepted_public_presentation
ostbevern-entry-2020,https://www.ostbevern.de/sessionnet/sessionnetbi/getfile.php?id=45917&type=do,www.ostbevern.de,acquired,873945589d8578b3d4878ad4592c973d83810fd171c0a527d179162183781532,207468,2026-10-05T13:35:41.442990+00:00,instant,data/raw/nrw-close-pair-screen/ostbevern-entry-2020.pdf,https://www.ostbevern.de/sessionnet/sessionnetbi/getfile.php?id=45917&type=do,200,,2020-10-09,day,official primary,accepted_public_presentation
ratingen-election-2020,https://www.stadt-ratingen.de/fileadmin/user_upload/Bilder/00.06/Wahlen/Kommunalwahlen/2020_Kommunalwahl_-_Buergermeisterstichwahl.pdf,www.stadt-ratingen.de,acquired,089a3953e5a113305cfb929daabc8c120657594b9009437f2d53679c27c4b5dc,1974871,2026-10-05T13:40:56.540846+00:00,instant,data/raw/nrw-close-pair-screen/ratingen-election-2020.pdf,https://www.stadt-ratingen.de/fileadmin/user_upload/Bilder/00.06/Wahlen/Kommunalwahlen/2020_Kommunalwahl_-_Buergermeisterstichwahl.pdf,200,,,,,discovery_or_unaccepted
ratingen-pesch-letter-2020,https://www.buerger-union-ratingen.de/TOP-HAFAW-und-Rat-am-25-08-2020---Verkaufsoffene-Sonntage-in-Ratingen_5020.aspx,www.buerger-union-ratingen.de,acquired,0b0ddee018b5a8cbe55a4a37950129916943e80da345c56689bef168448a9f90,22931,2026-10-05T13:42:43.726754+00:00,instant,data/raw/nrw-close-pair-screen/ratingen-pesch-letter-2020.html,https://www.buerger-union-ratingen.de/TOP-HAFAW-und-Rat-am-25-08-2020---Verkaufsoffene-Sonntage-in-Ratingen_5020.aspx,200,,2020-07-15,day,candidate_or_party_primary,accepted_public_presentation
ratingen-vogt-letter-2020,https://afd-ratingen.com/2020/12/31,afd-ratingen.com,acquired,0842cfb4a581393da1163a02b25bcdb005fb41fbbfe3ada14909d45e909518b2,97336,2026-10-05T13:42:43.728238+00:00,instant,data/raw/nrw-close-pair-screen/ratingen-vogt-letter-2020.html,https://afd-ratingen.com/2020/12/31,200,,2020-12-28,day,candidate_or_party_primary,accepted_public_presentation
recke-election-2020,https://www.recke.de/city_info/display/dokument/show.cfm?id=411066&region_id=348,www.recke.de,acquired,be588114e2ec5ee99059fece2454cb93afa130aec2c5f908339180c93236ca19,778158,2026-10-05T13:40:56.228578+00:00,instant,data/raw/nrw-close-pair-screen/recke-election-2020.pdf,https://www.recke.de/city_info/display/dokument/show.cfm?id=411066&region_id=348,200,,,,,discovery_or_unaccepted
roedinghausen-mayor-history,https://www.roedinghausen.de/Info/B%C3%BCrgermeister/,www.roedinghausen.de,acquired,9b5e8eae95cf2905d87e909f291d3c0e1a10f59a46e1eb4ffd34e9a2f6f5126c,176429,2026-10-05T13:40:53.085599+00:00,instant,data/raw/nrw-close-pair-screen/roedinghausen-mayor-history.html,https://www.roedinghausen.de/Info/B%C3%BCrgermeister/,200,,,,,discovery_or_unaccepted
roesrath-schulze-nomination-2020,https://gruene-roesrath.de/startseite/news-detailansicht/ortsmitglieder_waehlen_bondina_schulze_zur_buergermeisterkandidatin,gruene-roesrath.de,acquired,5dec7d3eaa1b9ed9511f3ad303047809efbdded7f2dd9561841fcc6b8279f168,32245,2026-10-05T13:53:33.813481+00:00,instant,data/raw/nrw-close-pair-screen/roesrath-schulze-nomination-2020.html,https://gruene-roesrath.de/startseite/news-detailansicht/ortsmitglieder_waehlen_bondina_schulze_zur_buergermeisterkandidatin,200,,,,,discovery_or_unaccepted
schwelm-spd-team-2020,https://www.spd-schwelm.de/meldungen/unser-team-fuer-die-kommunal-und-buergermeisterwahl-2020/,www.spd-schwelm.de,acquired,6a81cb65b9b55260da5acdb2d9d4e4eb2986fb4db924cd7625dd7f42e53f8af1,19299,2026-10-05T13:40:49.125713+00:00,instant,data/raw/nrw-close-pair-screen/schwelm-spd-team-2020.html,https://www.spd-schwelm.de/meldungen/unser-team-fuer-die-kommunal-und-buergermeisterwahl-2020/,200,,2020-05-07,day,candidate_or_party_primary,accepted_public_presentation
sendenhorst-citizen-brochure,https://www.sendenhorst.de/fileadmin/user_upload/user_upload_DB1_SG1X/Borschueren/Buergerinfomationsbroschuere.pdf,www.sendenhorst.de,acquired,810e19c0fdc06c3f45841c6272ead123b92159e9684076b3770600ec998a0569,10154263,2026-10-05T13:40:49.134930+00:00,instant,data/raw/nrw-close-pair-screen/sendenhorst-citizen-brochure.pdf,https://www.sendenhorst.de/fileadmin/user_upload/user_upload_DB1_SG1X/Borschueren/Buergerinfomationsbroschuere.pdf,200,,,unverified_publication_date,official primary,accepted_public_presentation
sendenhorst-hartmann-2020,https://www.cdu-sendker.de/news/lokal/2045/-Intensiver-Austausch-zum-Konjunkturprogramm-der-Bundesregierung-.html,www.cdu-sendker.de,acquired,7edaeb221cfee3bb94c505f931b57d1e5b647ef3fefcb499f9209d9fe19e650e,25462,2026-10-05T14:17:43.248990+00:00,instant,data/raw/nrw-close-pair-screen/sendenhorst-hartmann-2020.html,https://www.cdu-sendker.de/news/lokal/2045/-Intensiver-Austausch-zum-Konjunkturprogramm-der-Bundesregierung-.html,200,Initial client keyword filter was a false positive: captcha belongs to a comment form or footer asset. Ordinary same-URL response contained inspectable article/person text; no access challenge was solved or bypassed.,2020-06-08,day,candidate_or_party_primary,accepted_public_presentation
troisdorf-mayor-history,https://www.troisdorf.de/de/leichte-sprache/politik/buergermeister/,www.troisdorf.de,acquired,dd4671e01f2623a501264cd1d5733a92daa73b708d5515b4a85a88fe8ecf79d1,656369,2026-10-05T14:17:44.865502+00:00,instant,data/raw/nrw-close-pair-screen/troisdorf-mayor-history.html,https://www.troisdorf.de/de/leichte-sprache/politik/buergermeister/,200,Initial client keyword filter was a false positive: captcha belongs to a comment form or footer asset. Ordinary same-URL response contained inspectable article/person text; no access challenge was solved or bypassed.,,,,discovery_or_unaccepted
uebach-walther-inauguration-2020,https://www.uebach-palenberg.de/Rathaus-Politik/Aktuelles/Mitteilungen/Konstituierende-Ratssitzung-der-Stadt-%C3%9Cbach-Palenberg.php?FID=3345.759.1&ModID=255,www.uebach-palenberg.de,acquired,06bb81b1185966447ccafa685b6ec1697d2deddbd06bb70586e0ba10ec88612e,78140,2026-10-05T13:53:33.812335+00:00,instant,data/raw/nrw-close-pair-screen/uebach-walther-inauguration-2020.html,https://www.uebach-palenberg.de/Rathaus-Politik/Aktuelles/Mitteilungen/Konstituierende-Ratssitzung-der-Stadt-%C3%9Cbach-Palenberg.php?FID=3345.759.1&ModID=255,200,,2020-11-04,day,official primary,accepted_public_presentation
velbert-lukrafka-letter-2020,https://afdfraktionvelbert.wordpress.com/wp-content/uploads/2021/03/rat-15.12.2020_anfrage_wohnraum_velbert.pdf,afdfraktionvelbert.wordpress.com,acquired,324484ff8ad2723aa2031e8ee4f63e56900bb889abe8813a4912bd47d400f948,558712,2026-10-05T13:48:44.258873+00:00,instant,data/raw/nrw-close-pair-screen/velbert-lukrafka-letter-2020.pdf,https://afdfraktionvelbert.wordpress.com/wp-content/uploads/2021/03/rat-15.12.2020_anfrage_wohnraum_velbert.pdf,200,,2020-11-28,day,candidate_or_party_primary,accepted_public_presentation
velbert-youth-2020,https://www.velbert.de/fileadmin/user_upload/Rathaus_und_Politik/Jugendparlament/Sitzungen/Niederschrift_Jupa_Feb_2020_inkl_Anlagen.pdf,www.velbert.de,unavailable,,,2026-10-05T13:35:41.441197+00:00,instant,,,,HTTP Error 404: Not Found,,,,discovery_or_unaccepted
viersen-meeting-2020,https://ris.viersen.de/sdnetrim/UGhVM0hpd2NXNFdFcExjZTHrwwUsd5SWnqrfwe2iHYkGkVRkqXVJYHt2SpXLM1ZZtQi51xzvjmkLoquf3PsklQ/Gesamtes_Sitzungspaket.pdf,ris.viersen.de,acquired,b97e50a8a2ba642c71f6fdf5a33c4d370eec1d713ece1d17bbdbed5bd51ec07e,15561847,2026-10-05T13:35:42.910785+00:00,instant,data/raw/nrw-close-pair-screen/viersen-meeting-2020.pdf,https://ris.viersen.de/sdnetrim/UGhVM0hpd2NXNFdFcExjZTHrwwUsd5SWnqrfwe2iHYkGkVRkqXVJYHt2SpXLM1ZZtQi51xzvjmkLoquf3PsklQ/Gesamtes_Sitzungspaket.pdf,200,,2020-05-07,day,candidate_or_party_primary,accepted_public_presentation
werdohl-participations-2020,https://www.werdohl.de/fileadmin/user_upload/Dokumente/Beteiligungsberichte/Beteiligungsbericht_2020.pdf,www.werdohl.de,acquired,951ba7b205223353254918a41cfd2a19180586ac1563bba808df0ad50ba56346,2323250,2026-10-05T13:40:45.352958+00:00,instant,data/raw/nrw-close-pair-screen/werdohl-participations-2020.pdf,https://www.werdohl.de/fileadmin/user_upload/Dokumente/Beteiligungsberichte/Beteiligungsbericht_2020.pdf,200,,2022-03-18,day,official primary,accepted_public_presentation
werdohl-spaeinghaus-2020,https://www.spd-werdohl.de/spd/2020/06/14/andreas-spaeinghaus-zum-buergermeister-kandidaten-gewaehlt/,www.spd-werdohl.de,acquired,d98993c1ada2af9a97799de7b54a0950d15633697f0aa2710376ed7e078282f0,87194,2026-10-05T13:42:45.165245+00:00,instant,data/raw/nrw-close-pair-screen/werdohl-spaeinghaus-2020.html,https://www.spd-werdohl.de/spd/2020/06/14/andreas-spaeinghaus-zum-buergermeister-kandidaten-gewaehlt/,200,,,,,discovery_or_unaccepted
wilnsdorf-mayor-history,https://www.wilnsdorf.de/buergermeister/,www.wilnsdorf.de,acquired,0bc3a6c27df6a251abd5007f679f296d995b8730f655cc48c9002d0067838cb3,38530,2026-10-05T13:40:50.381059+00:00,instant,data/raw/nrw-close-pair-screen/wilnsdorf-mayor-history.html,https://www.wilnsdorf.de/buergermeister/,200,,,unverified_publication_date,official primary,accepted_public_presentation
wilnsdorf-schuppler-2020,https://www.wilnsdorf.de/Rathaus-Politik/Im-Rathaus/Aktuelle-Nachrichten/Gute-Schule-2020-Wilnsdorf-hat-seine-Hausaufgaben-gemacht.php?FID=2678.2991.1&ModID=255,www.wilnsdorf.de,acquired,89af74fb0e00f2635f9c7a79c282b13f70011f0416d82500bb70610389b4b454,42708,2026-10-05T13:42:43.726620+00:00,instant,data/raw/nrw-close-pair-screen/wilnsdorf-schuppler-2020.html,https://www.wilnsdorf.de/Rathaus-Politik/Im-Rathaus/Aktuelle-Nachrichten/Gute-Schule-2020-Wilnsdorf-hat-seine-Hausaufgaben-gemacht.php?FID=2678.2991.1&ModID=255,200,,2020-09-30,day,official primary,accepted_public_presentation
wuppertal-firstday-2020,https://www.wuppertal.de/presse/meldungen/meldungen-2020/november20/schneidewind-im-amt.php,www.wuppertal.de,acquired,00f0605a6c0d347b54cf8fbb041efc98b851059e8d1905c328c3472251c759d0,53781,2026-10-05T13:40:52.763188+00:00,instant,data/raw/nrw-close-pair-screen/wuppertal-firstday-2020.html,https://www.wuppertal.de/presse/meldungen/meldungen-2020/november20/schneidewind-im-amt.php,200,,2020-11-03,day,official primary,accepted_public_presentation
kanschat-2020-party,https://www.gruene-velbert.de/schulentwicklung-voellig-entgegen-elternwillen/,www.gruene-velbert.de,acquired,1c3609b21ed59ca56cf2c599ffafed1fc7674041b48cf7a0f358e2732155c9a4,63856,2026-10-03T21:20:50.988885+00:00,instant,data/raw/nrw-expanded/kanschat-2020-party.html,,,,2020-04-29,day,candidate_or_party_primary,accepted_public_presentation
unna-spd-0,https://spd-unna.de/aktuelles/dank-an-katja-schuon-glueckwunsch-fuer-dirk-wigant/,spd-unna.de,acquired,a6a23da46fadf2667cc9f09fae6f5e17ea4a66a35625dc58b79d8c298a0a19f1,173685,2026-10-04T04:13:35.851853+00:00,instant,data/raw/nrw-extension-evidence/unna-spd-0.html,https://spd-unna.de/aktuelles/dank-an-katja-schuon-glueckwunsch-fuer-dirk-wigant/,,,2020-09-28,day,candidate_or_party_primary,accepted_public_presentation
warntafel-auf-der-elisabethstrasse-wieder-aufstellen,https://spd-frechen.de/2020/09/30/warntafel-auf-der-elisabethstrasse-wieder-aufstellen/,spd-frechen.de,acquired,0bd5b5d7e282493c97eac99d6df35ab52ab0fb7f578d92b1436044b812289286,197660,2026-10-04T06:39:30.287130+00:00,instant,data/raw/nrw-followup-evidence/warntafel-auf-der-elisabethstrasse-wieder-aufstellen.html,https://spd-frechen.de/2020/09/30/warntafel-auf-der-elisabethstrasse-wieder-aufstellen/,,,2020-09-23,day,candidate_or_party_primary,accepted_public_presentation
iserlohn-kirchhoff-person,https://www.iserlohn.sitzung-online.de/public/kp020?KPLFDNR=1000472,www.iserlohn.sitzung-online.de,acquired,269bc5f2e1b5123d9b2ad27db08d4009884ea13ee81bb79d3dd3f23ce4f6aaf6,18754,2026-10-03T22:04:53.878029+00:00,instant,data/raw/nrw-completion/iserlohn-kirchhoff-person.html,,,,,,,identity_corroboration_only_not_2020_assignment
nrw-result-05962024,https://www.wahlergebnisse.nrw/kommunalwahlen/2020/aktuell/txtdateien/b962024kw2000.txt,www.wahlergebnisse.nrw,acquired,d02909e52e5c5c6226f19d4b21409ad94723b25935040f962efa60e447bd4fd0,1394,2026-10-03,day,data/raw/nrw-2020/962024.txt,,,,2020-09-27,event_day,official NRW election archive,original_votes_and_identity_no_sex_field
nrw-result-05378016,https://www.wahlergebnisse.nrw/kommunalwahlen/2020/aktuell/txtdateien/b378016kw2000.txt,www.wahlergebnisse.nrw,acquired,a0d986168205c4962b8f9e1cd39afd389ee284247e0cfb4a35b2cdde364ad70a,1019,2026-10-03,day,data/raw/nrw-2020/378016.txt,,,,2020-09-27,event_day,official NRW election archive,original_votes_and_identity_no_sex_field
nrw-result-05158032,https://www.wahlergebnisse.nrw/kommunalwahlen/2020/aktuell/txtdateien/b158032kw2000.txt,www.wahlergebnisse.nrw,acquired,d89fe340aa41b394feba63f7a690f4b4ea6c990249104f5779a67dc1e6762bf8,1224,2026-10-03,day,data/raw/nrw-2020/158032.txt,,,,2020-09-27,event_day,official NRW election archive,original_votes_and_identity_no_sex_field
nrw-result-05570032,https://www.wahlergebnisse.nrw/kommunalwahlen/2020/aktuell/txtdateien/b570032kw2000.txt,www.wahlergebnisse.nrw,acquired,3a183609a2744836181964bb8d1d6311e50fb384390ca9ab022d7405de7d6c8d,802,2026-10-03T20:11:15.753521+00:00,instant,data/raw/nrw-2020/570032.txt,,,,2020-09-13,event_day,official NRW election archive,original_votes_and_identity_no_sex_field
nrw-result-05554028,https://www.wahlergebnisse.nrw/kommunalwahlen/2020/aktuell/txtdateien/b554028kw2000.txt,www.wahlergebnisse.nrw,acquired,1b9d2c976d404e1d779d4da4b9889caa3bfa98f968209b3caf2f5fad7bca9aad,790,2026-10-03T20:11:11.556422+00:00,instant,data/raw/nrw-2020/554028.txt,,,,2020-09-13,event_day,official NRW election archive,original_votes_and_identity_no_sex_field
nrw-result-05370012,https://www.wahlergebnisse.nrw/kommunalwahlen/2020/aktuell/txtdateien/b370012kw2000.txt,www.wahlergebnisse.nrw,acquired,2705998f705a41de16c44c6b83e793d19664794ef21a106125fc9ccbf2338492,914,2026-10-03T20:11:08.389641+00:00,instant,data/raw/nrw-2020/370012.txt,,,,2020-09-13,event_day,official NRW election archive,original_votes_and_identity_no_sex_field
nrw-result-05978036,https://www.wahlergebnisse.nrw/kommunalwahlen/2020/aktuell/txtdateien/b978036kw2000.txt,www.wahlergebnisse.nrw,acquired,52dbd7a55c9bd0d99523b99856fb1b000ae63da8c8c801bec6e453885606342b,1158,2026-10-03,day,data/raw/nrw-2020/978036.txt,,,,2020-09-27,event_day,official NRW election archive,original_votes_and_identity_no_sex_field
nrw-result-05754020,https://www.wahlergebnisse.nrw/kommunalwahlen/2020/aktuell/txtdateien/b754020kw2000.txt,www.wahlergebnisse.nrw,acquired,4f941bbaca8044c9f9a852913ced917242409e36545c41e728f5af93e9f181a9,1008,2026-10-03,day,data/raw/nrw-2020/754020.txt,,,,2020-09-27,event_day,official NRW election archive,original_votes_and_identity_no_sex_field
nrw-result-05570008,https://www.wahlergebnisse.nrw/kommunalwahlen/2020/aktuell/txtdateien/b570008kw2000.txt,www.wahlergebnisse.nrw,acquired,04df4d4659fdf0fb534245029908a3274a6be15fd57b221132dc428efbef8445,827,2026-10-03T20:11:15.247305+00:00,instant,data/raw/nrw-2020/570008.txt,,,,2020-09-13,event_day,official NRW election archive,original_votes_and_identity_no_sex_field
nrw-result-05558020,https://www.wahlergebnisse.nrw/kommunalwahlen/2020/aktuell/txtdateien/b558020kw2000.txt,www.wahlergebnisse.nrw,acquired,c6fa3edfa9db708d56b04ed95e7c0cd6799b681ae17ba6876ea075d618abe227,960,2026-10-03,day,data/raw/nrw-2020/558020.txt,,,,2020-09-27,event_day,official NRW election archive,original_votes_and_identity_no_sex_field
nrw-result-05166032,https://www.wahlergebnisse.nrw/kommunalwahlen/2020/aktuell/txtdateien/b166032kw2000.txt,www.wahlergebnisse.nrw,acquired,44d1a5979f4d5a797e30ebb026572dd145f015fcbcdad15d3564463d035b7c3e,1136,2026-10-03,day,data/raw/nrw-2020/166032.txt,,,,2020-09-27,event_day,official NRW election archive,original_votes_and_identity_no_sex_field
nrw-result-05370028,https://www.wahlergebnisse.nrw/kommunalwahlen/2020/aktuell/txtdateien/b370028kw2000.txt,www.wahlergebnisse.nrw,acquired,72c32c999f5c7bb7971a2234f496a9f6f712751c4078f4320d39489fd4a9afb1,1003,2026-10-03,day,data/raw/nrw-2020/370028.txt,,,,2020-09-27,event_day,official NRW election archive,original_votes_and_identity_no_sex_field
nrw-result-05562020,https://www.wahlergebnisse.nrw/kommunalwahlen/2020/aktuell/txtdateien/b562020kw2000.txt,www.wahlergebnisse.nrw,acquired,618c879f51a5987505c692d5332174480bf34ca64c2d766c0fb3ec9dec9e2170,1229,2026-10-03,day,data/raw/nrw-2020/562020.txt,,,,2020-09-27,event_day,official NRW election archive,original_votes_and_identity_no_sex_field
nrw-result-05766032,https://www.wahlergebnisse.nrw/kommunalwahlen/2020/aktuell/txtdateien/b766032kw2000.txt,www.wahlergebnisse.nrw,acquired,0eae146aa57c1aa95fa3ffbed1eea8af70cd7d5b079c07ffa46f282fe7ce3eb7,1120,2026-10-03,day,data/raw/nrw-2020/766032.txt,,,,2020-09-27,event_day,official NRW election archive,original_votes_and_identity_no_sex_field
nrw-result-05358012,https://www.wahlergebnisse.nrw/kommunalwahlen/2020/aktuell/txtdateien/b358012kw2000.txt,www.wahlergebnisse.nrw,acquired,6b9d71f68992f2f9e00c2644fb4da56f902668c502b03cada55d1cabba1fb947,807,2026-10-03T20:11:06.301738+00:00,instant,data/raw/nrw-2020/358012.txt,,,,2020-09-13,event_day,official NRW election archive,original_votes_and_identity_no_sex_field
nrw-result-05382068,https://www.wahlergebnisse.nrw/kommunalwahlen/2020/aktuell/txtdateien/b382068kw2000.txt,www.wahlergebnisse.nrw,acquired,6b49e0ab05af33c40b73af7bf3250d1e729c0d1402ab168f130303753c1cc9a3,1173,2026-10-03,day,data/raw/nrw-2020/382068.txt,,,,2020-09-27,event_day,official NRW election archive,original_votes_and_identity_no_sex_field
nrw-result-05978024,https://www.wahlergebnisse.nrw/kommunalwahlen/2020/aktuell/txtdateien/b978024kw2000.txt,www.wahlergebnisse.nrw,acquired,3dcc687e0f5b61ecfea4e681ec563ef0614927c0ebd76d9a3bb2eb28fef89a9a,1092,2026-10-03,day,data/raw/nrw-2020/978024.txt,,,,2020-09-27,event_day,official NRW election archive,original_votes_and_identity_no_sex_field
nrw-result-05166008,https://www.wahlergebnisse.nrw/kommunalwahlen/2020/aktuell/txtdateien/b166008kw2000.txt,www.wahlergebnisse.nrw,acquired,084aaf78fc50e86bd411a81a11dcd4982953bf6a59121812eeb8fffa0aea57b2,965,2026-10-03,day,data/raw/nrw-2020/166008.txt,,,,2020-09-27,event_day,official NRW election archive,original_votes_and_identity_no_sex_field
nrw-result-05166012,https://www.wahlergebnisse.nrw/kommunalwahlen/2020/aktuell/txtdateien/b166012kw2000.txt,www.wahlergebnisse.nrw,acquired,5c8724750a60c667ba02443632fa408aaa597c0c5f235ed02914397086212b93,1013,2026-10-03,day,data/raw/nrw-2020/166012.txt,,,,2020-09-27,event_day,official NRW election archive,original_votes_and_identity_no_sex_field
nrw-result-05962060,https://www.wahlergebnisse.nrw/kommunalwahlen/2020/aktuell/txtdateien/b962060kw2000.txt,www.wahlergebnisse.nrw,acquired,a53d333181f0e722e91b6021ab8ef03b40c48d400e9dee108d8336bd2e426ad4,838,2026-10-03T20:11:22.241888+00:00,instant,data/raw/nrw-2020/962060.txt,,,,2020-09-13,event_day,official NRW election archive,original_votes_and_identity_no_sex_field
nrw-result-05170028,https://www.wahlergebnisse.nrw/kommunalwahlen/2020/aktuell/txtdateien/b170028kw2000.txt,www.wahlergebnisse.nrw,acquired,8896ea473e61595eea905bf68285c752e1ddb8ad2088f7a3c24bd06eeb0cf66a,963,2026-10-03,day,data/raw/nrw-2020/170028.txt,,,,2020-09-27,event_day,official NRW election archive,original_votes_and_identity_no_sex_field
nrw-result-05334020,https://www.wahlergebnisse.nrw/kommunalwahlen/2020/aktuell/txtdateien/b334020kw2000.txt,www.wahlergebnisse.nrw,acquired,d60637809f141c6c2cf1e78caae075b166c9ad73512a03b4ee12a764f618a930,987,2026-10-03,day,data/raw/nrw-2020/334020.txt,,,,2020-09-27,event_day,official NRW election archive,original_votes_and_identity_no_sex_field
nrw-result-05362024,https://www.wahlergebnisse.nrw/kommunalwahlen/2020/aktuell/txtdateien/b362024kw2000.txt,www.wahlergebnisse.nrw,acquired,9fdb4551945e6e0d987f8a073a93e05040b966dee8d158d3bf3d3fb7c43d77c7,1079,2026-10-03,day,data/raw/nrw-2020/362024.txt,,,,2020-09-27,event_day,official NRW election archive,original_votes_and_identity_no_sex_field
nrw-result-05362032,https://www.wahlergebnisse.nrw/kommunalwahlen/2020/aktuell/txtdateien/b362032kw2000.txt,www.wahlergebnisse.nrw,acquired,0e20a676bb97afa3d4cb9c7f90acf7248c7edd06f9730ed4ff77d256f5513042,1084,2026-10-03,day,data/raw/nrw-2020/362032.txt,,,,2020-09-27,event_day,official NRW election archive,original_votes_and_identity_no_sex_field
nrw-result-05554056,https://www.wahlergebnisse.nrw/kommunalwahlen/2020/aktuell/txtdateien/b554056kw2000.txt,www.wahlergebnisse.nrw,acquired,497c351b79b64f09b8232cc496f951f598709031b2e52e2a0714fe80c4b69f8b,809,2026-10-03T20:11:11.821169+00:00,instant,data/raw/nrw-2020/554056.txt,,,,2020-09-13,event_day,official NRW election archive,original_votes_and_identity_no_sex_field
nrw-result-05566032,https://www.wahlergebnisse.nrw/kommunalwahlen/2020/aktuell/txtdateien/b566032kw2000.txt,www.wahlergebnisse.nrw,acquired,3da168c528ad92d49236759f67b95d4432858d174122c5f52ee98d3188391395,808,2026-10-03T20:11:13.709981+00:00,instant,data/raw/nrw-2020/566032.txt,,,,2020-09-13,event_day,official NRW election archive,original_votes_and_identity_no_sex_field
nrw-result-05913000,https://www.wahlergebnisse.nrw/kommunalwahlen/2020/aktuell/txtdateien/b913000kw2000.txt,www.wahlergebnisse.nrw,acquired,7959add428320f64b67252ef164dfa6ed22b4ce557eda3504c38209d887f20c5,1449,2026-10-03T20:11:26.376793+00:00,instant,data/raw/nrw-2020/913000.txt,,,,2020-09-27,event_day,official NRW election archive,original_votes_and_identity_no_sex_field
nrw-result-05158028,https://www.wahlergebnisse.nrw/kommunalwahlen/2020/aktuell/txtdateien/b158028kw2000.txt,www.wahlergebnisse.nrw,acquired,81c9f2f066deab4c8d08bcb4780d6e961d31442ce48e66a597153499d84770d3,1167,2026-10-03,day,data/raw/nrw-2020/158028.txt,,,,2020-09-27,event_day,official NRW election archive,original_votes_and_identity_no_sex_field
nrw-result-05766004,https://www.wahlergebnisse.nrw/kommunalwahlen/2020/aktuell/txtdateien/b766004kw2000.txt,www.wahlergebnisse.nrw,acquired,65e0df7f8eed4d3690a05ec3ae04299d3009168c951222e6a6b69f6f88f196e3,1025,2026-10-03,day,data/raw/nrw-2020/766004.txt,,,,2020-09-27,event_day,official NRW election archive,original_votes_and_identity_no_sex_field
nrw-result-05566072,https://www.wahlergebnisse.nrw/kommunalwahlen/2020/aktuell/txtdateien/b566072kw2000.txt,www.wahlergebnisse.nrw,acquired,6c261983eb696776d2dd16cb288f75d45179753f4066b3787a2e5c37ef523a45,794,2026-10-03T20:11:14.572207+00:00,instant,data/raw/nrw-2020/566072.txt,,,,2020-09-13,event_day,official NRW election archive,original_votes_and_identity_no_sex_field
nrw-result-05566004,https://www.wahlergebnisse.nrw/kommunalwahlen/2020/aktuell/txtdateien/b566004kw2000.txt,www.wahlergebnisse.nrw,acquired,3d224c94fc6fbcd787f152616dc23d5e52418e7b6fd0ca5df81b0bf06e1037aa,954,2026-10-03,day,data/raw/nrw-2020/566004.txt,,,,2020-09-27,event_day,official NRW election archive,original_votes_and_identity_no_sex_field
nrw-result-05954024,https://www.wahlergebnisse.nrw/kommunalwahlen/2020/aktuell/txtdateien/b954024kw2000.txt,www.wahlergebnisse.nrw,acquired,ba83ab79d5d3f1135f4802b106e4928d11c08cdca29f6adcaeebbe02034e633b,1001,2026-10-03,day,data/raw/nrw-2020/954024.txt,,,,2020-09-27,event_day,official NRW election archive,original_votes_and_identity_no_sex_field
nrw-result-05570040,https://www.wahlergebnisse.nrw/kommunalwahlen/2020/aktuell/txtdateien/b570040kw2000.txt,www.wahlergebnisse.nrw,acquired,1ab4d32bda8b0f23e58a9555ab7a05496006003f59733ffea4bc54b2363026ae,808,2026-10-03T20:11:16.007425+00:00,instant,data/raw/nrw-2020/570040.txt,,,,2020-09-13,event_day,official NRW election archive,original_votes_and_identity_no_sex_field
nrw-result-05366040,https://www.wahlergebnisse.nrw/kommunalwahlen/2020/aktuell/txtdateien/b366040kw2000.txt,www.wahlergebnisse.nrw,acquired,eca56c9b5b3fc27d19a92343f4ace9203981ed423149e6952d2f3581a30aa8c3,1044,2026-10-03,day,data/raw/nrw-2020/366040.txt,,,,2020-09-27,event_day,official NRW election archive,original_votes_and_identity_no_sex_field
nrw-result-05378028,https://www.wahlergebnisse.nrw/kommunalwahlen/2020/aktuell/txtdateien/b378028kw2000.txt,www.wahlergebnisse.nrw,acquired,545eebb4a17b415392fdabc9f9f2bd5f0702e2d07729b5b93587ccb516ce9510,1080,2026-10-03,day,data/raw/nrw-2020/378028.txt,,,,2020-09-27,event_day,official NRW election archive,original_votes_and_identity_no_sex_field
nrw-result-05762020,https://www.wahlergebnisse.nrw/kommunalwahlen/2020/aktuell/txtdateien/b762020kw2000.txt,www.wahlergebnisse.nrw,acquired,06b2ff95663f4c17af3d131e7ca1cf133e7d0d6523a945345f3bdf33a02bd0a6,1134,2026-10-03,day,data/raw/nrw-2020/762020.txt,,,,2020-09-27,event_day,official NRW election archive,original_votes_and_identity_no_sex_field
nrw-result-05970044,https://www.wahlergebnisse.nrw/kommunalwahlen/2020/aktuell/txtdateien/b970044kw2000.txt,www.wahlergebnisse.nrw,acquired,8539b7a9c7185dbfd8416e6fc4f7166be9e82ec20d9992763f6fcb852250ca06,825,2026-10-03T20:11:23.792708+00:00,instant,data/raw/nrw-2020/970044.txt,,,,2020-09-13,event_day,official NRW election archive,original_votes_and_identity_no_sex_field
nrw-result-05515000,https://www.wahlergebnisse.nrw/kommunalwahlen/2020/aktuell/txtdateien/b515000kw2000.txt,www.wahlergebnisse.nrw,acquired,e8adbfcb2890c202fe9f88ebcb1224f38bb19b31b8213190c502d0ad644e0cbd,1256,2026-10-03T20:11:26.031391+00:00,instant,data/raw/nrw-2020/515000.txt,,,,2020-09-27,event_day,official NRW election archive,original_votes_and_identity_no_sex_field
nrw-result-05362020,https://www.wahlergebnisse.nrw/kommunalwahlen/2020/aktuell/txtdateien/b362020kw2000.txt,www.wahlergebnisse.nrw,acquired,1f4545aa04fe31b38fc2184153016579f13f7be4a3a0dffe2c38418952cede2e,1047,2026-10-03,day,data/raw/nrw-2020/362020.txt,,,,2020-09-27,event_day,official NRW election archive,original_votes_and_identity_no_sex_field
nrw-result-05554064,https://www.wahlergebnisse.nrw/kommunalwahlen/2020/aktuell/txtdateien/b554064kw2000.txt,www.wahlergebnisse.nrw,acquired,47d57bebfff6305801349ba02414a3f3040a2a1c7e4b0fa978d39d746ee58c30,822,2026-10-03T20:11:12.093617+00:00,instant,data/raw/nrw-2020/554064.txt,,,,2020-09-13,event_day,official NRW election archive,original_votes_and_identity_no_sex_field
nrw-result-05154036,https://www.wahlergebnisse.nrw/kommunalwahlen/2020/aktuell/txtdateien/b154036kw2000.txt,www.wahlergebnisse.nrw,acquired,e8b6c47f202d405c49dc0b269fa11e48698283c2f8e440182900976c7c7ae901,1092,2026-10-03,day,data/raw/nrw-2020/154036.txt,,,,2020-09-27,event_day,official NRW election archive,original_votes_and_identity_no_sex_field
nrw-result-05970032,https://www.wahlergebnisse.nrw/kommunalwahlen/2020/aktuell/txtdateien/b970032kw2000.txt,www.wahlergebnisse.nrw,acquired,6d933a391a98e43bbcbcfb5d5b10858df42b0fad1fccafa21ded8680c2325b8e,831,2026-10-03T20:11:23.373987+00:00,instant,data/raw/nrw-2020/970032.txt,,,,2020-09-13,event_day,official NRW election archive,original_votes_and_identity_no_sex_field
nrw-result-05382028,https://www.wahlergebnisse.nrw/kommunalwahlen/2020/aktuell/txtdateien/b382028kw2000.txt,www.wahlergebnisse.nrw,acquired,d744bfd3840f92c930864a4803ec5e5605ee34a88e42a036bc947c1d3b81bdc0,983,2026-10-03,day,data/raw/nrw-2020/382028.txt,,,,2020-09-27,event_day,official NRW election archive,original_votes_and_identity_no_sex_field
nrw-result-05758008,https://www.wahlergebnisse.nrw/kommunalwahlen/2020/aktuell/txtdateien/b758008kw2000.txt,www.wahlergebnisse.nrw,acquired,280f84efbd1604a023fa8a8e63dbf85c3861820023e7060985977798068f7a3d,955,2026-10-03,day,data/raw/nrw-2020/758008.txt,,,,2020-09-27,event_day,official NRW election archive,original_votes_and_identity_no_sex_field
nrw-result-05124000,https://www.wahlergebnisse.nrw/kommunalwahlen/2020/aktuell/txtdateien/b124000kw2000.txt,www.wahlergebnisse.nrw,acquired,5985e38f2b9cf0c9f6a647594bbf580fd0a4c008e6258895045f7651689258bb,1247,2026-10-03T20:11:25.607139+00:00,instant,data/raw/nrw-2020/124000.txt,,,,2020-09-27,event_day,official NRW election archive,original_votes_and_identity_no_sex_field
nrw-result-05382056,https://www.wahlergebnisse.nrw/kommunalwahlen/2020/aktuell/txtdateien/b382056kw2000.txt,www.wahlergebnisse.nrw,acquired,02364129d7b0209a7c476c810d60d9ec222637c4acc9f5c69cb519bd26133221,833,2026-10-03T20:11:10.928413+00:00,instant,data/raw/nrw-2020/382056.txt,,,,2020-09-13,event_day,official NRW election archive,original_votes_and_identity_no_sex_field
nrw-result-05770012,https://www.wahlergebnisse.nrw/kommunalwahlen/2020/aktuell/txtdateien/b770012kw2000.txt,www.wahlergebnisse.nrw,acquired,bc3ba2154a8cb8e3d9877ad55373d91d2bfc22f557f762d30344fb7071dcc113,962,2026-10-03,day,data/raw/nrw-2020/770012.txt,,,,2020-09-27,event_day,official NRW election archive,original_votes_and_identity_no_sex_field
nrw-result-05754016,https://www.wahlergebnisse.nrw/kommunalwahlen/2020/aktuell/txtdateien/b754016kw2000.txt,www.wahlergebnisse.nrw,acquired,b8d7c9f2446dc0ac935139e347ed76172e01aa59fedafae0a4246426d220742b,1035,2026-10-03,day,data/raw/nrw-2020/754016.txt,,,,2020-09-27,event_day,official NRW election archive,original_votes_and_identity_no_sex_field
nrw-result-05766024,https://www.wahlergebnisse.nrw/kommunalwahlen/2020/aktuell/txtdateien/b766024kw2000.txt,www.wahlergebnisse.nrw,acquired,59d586ccfed6e2ca2a590285e0d402d349f2510c4731a99ca20a844cb957a6db,990,2026-10-03,day,data/raw/nrw-2020/766024.txt,,,,2020-09-27,event_day,official NRW election archive,original_votes_and_identity_no_sex_field
nrw-result-05774012,https://www.wahlergebnisse.nrw/kommunalwahlen/2020/aktuell/txtdateien/b774012kw2000.txt,www.wahlergebnisse.nrw,acquired,7a39451014aecb14f8f2cf6f0270eb465dfcbaa88e809bfe608635cab3961c22,789,2026-10-03T20:11:19.332018+00:00,instant,data/raw/nrw-2020/774012.txt,,,,2020-09-13,event_day,official NRW election archive,original_votes_and_identity_no_sex_field
nrw-result-05154004,https://www.wahlergebnisse.nrw/kommunalwahlen/2020/aktuell/txtdateien/b154004kw2000.txt,www.wahlergebnisse.nrw,acquired,e9cff2805b3aa84447998f0d551f36c0cb1858717e623456212546d5082d1326,976,2026-10-03,day,data/raw/nrw-2020/154004.txt,,,,2020-09-27,event_day,official NRW election archive,original_votes_and_identity_no_sex_field
nrw-result-05962032,https://www.wahlergebnisse.nrw/kommunalwahlen/2020/aktuell/txtdateien/b962032kw2000.txt,www.wahlergebnisse.nrw,acquired,a1ff498af25e7caed4e859685eba02b612a72b10060cb5906908109ae857bb0a,1048,2026-10-03,day,data/raw/nrw-2020/962032.txt,,,,2020-09-27,event_day,official NRW election archive,original_votes_and_identity_no_sex_field
nrw-result-05758028,https://www.wahlergebnisse.nrw/kommunalwahlen/2020/aktuell/txtdateien/b758028kw2000.txt,www.wahlergebnisse.nrw,acquired,491780a6244715c9ec2902fec4f9bd1fff40243583651906e983b65299e9fccf,955,2026-10-03,day,data/raw/nrw-2020/758028.txt,,,,2020-09-27,event_day,official NRW election archive,original_votes_and_identity_no_sex_field
nrw-result-05758004,https://www.wahlergebnisse.nrw/kommunalwahlen/2020/aktuell/txtdateien/b758004kw2000.txt,www.wahlergebnisse.nrw,acquired,c905e5b2c6458f941453e1dce4d168160cd27c0c3b24480f8701cf7f15104b8f,1113,2026-10-03,day,data/raw/nrw-2020/758004.txt,,,,2020-09-27,event_day,official NRW election archive,original_votes_and_identity_no_sex_field
nrw-result-05754052,https://www.wahlergebnisse.nrw/kommunalwahlen/2020/aktuell/txtdateien/b754052kw2000.txt,www.wahlergebnisse.nrw,acquired,7fd58dbbf3afc51fced75491c21f6078c31a67aa1209c9c94bd66576dc19d8f9,1038,2026-10-03,day,data/raw/nrw-2020/754052.txt,,,,2020-09-27,event_day,official NRW election archive,original_votes_and_identity_no_sex_field
