publication_number,ags,notice_identifier,notice_version,procedure_identifier,buyer_scope,competition_publication_date_source,competition_publication_date,notice_issue_date_source,requested_publication_date_source,changed_notice_reference,buyers,source_archive,xml_file,xml_sha256
665574-2023,05166032,f36b1b1f-354c-4439-b614-3ddb29d6db27,1,83172c44-380e-4774-9ddb-63573c5ab49d,sole_city_buyer_aligned,2023-10-31Z,2023-10-31,2023-10-30+01:00,2023-10-30+01:00,,"[{""organization_id"": ""ORG-7001"", ""name"": ""Stadt Viersen""}]",2023-10-31-eforms.zip,f36b1b1f-354c-4439-b614-3ddb29d6db27-01.xml,796eb11e25e7670bbfd9ed586b53ee3e82389164810f40f796bf249952cebfd5
700568-2023,05166032,91f92e2b-ee96-4b87-aa2a-5e8dbc737f1f,1,83172c44-380e-4774-9ddb-63573c5ab49d,sole_city_buyer_aligned,2023-11-17Z,2023-11-17,2023-11-16+01:00,2023-11-16+01:00,f36b1b1f-354c-4439-b614-3ddb29d6db27-01,"[{""organization_id"": ""ORG-7001"", ""name"": ""Stadt Viersen""}]",2023-11-eforms.zip,91f92e2b-ee96-4b87-aa2a-5e8dbc737f1f-01.xml,13f01f9a961eab3144d4687839ba11a9b8f18b94c3bc2ccea9c8dcab491b397f
700769-2023,05158032,1c07de82-7809-4087-828a-2226013e5c2f,1,df980074-5f01-4e69-aada-2e6323835f3c,sole_city_buyer_aligned,2023-11-17Z,2023-11-17,2023-11-16+01:00,2023-11-17+01:00,,"[{""organization_id"": ""ORG-0001"", ""name"": ""Stadt Velbert, Der Bürgermeister, Fachbereich Immobilienservice""}]",2023-11-eforms.zip,1c07de82-7809-4087-828a-2226013e5c2f-01.xml,d37dd385ea56433674f369492eca8f67f26ceb5a66869b9712b8e22c488c385b
703208-2023,05158032,4c109623-a9db-437c-9239-e7119c2a4eeb,1,03b9c81a-ad29-410c-8a41-1fb0d110e97e,sole_city_buyer_aligned,2023-11-20Z,2023-11-20,2023-11-17+01:00,2023-11-18+01:00,,"[{""organization_id"": ""ORG-0001"", ""name"": ""Stadt Velbert, Der Bürgermeister""}]",2023-11-eforms.zip,4c109623-a9db-437c-9239-e7119c2a4eeb-01.xml,8cd7b01f6eca322ba6ca2e4cdaba816ddcb1ae8d058405a52b281d0856b638e7
16523-2024,05978036,69c59c6a-50c3-475d-b2bd-48603a37344c,1,1f2155e4-441e-4d36-8e61-e368af099d63,sole_city_buyer_aligned,2024-01-10Z,2024-01-10,2024-01-08+01:00,2024-01-10+01:00,,"[{""organization_id"": ""ORG-0001"", ""name"": ""Kreisstadt Unna""}]",2024-01-eforms.zip,69c59c6a-50c3-475d-b2bd-48603a37344c-01.xml,0b6354468e371a0b6e746fe02ee769237a03a11ca55e3a104e66032212f6aa66
61594-2024,05370012,15b5a28c-2b29-4d06-b21f-8980fa8ce05c,1,9f0da9ff-735e-4922-bd06-7ede508568c2,sole_city_buyer_aligned,2024-01-30Z,2024-01-30,2024-01-29+01:00,2024-01-29+01:00,,"[{""organization_id"": ""ORG-0001"", ""name"": ""Stadt Geilenkirchen -Die Bürgermeisterin-""}]",2024-01-eforms.zip,15b5a28c-2b29-4d06-b21f-8980fa8ce05c-01.xml,3cfed45eb48305806188b061b7bb948741ca1785f12b118a44a377145039be5b
70124-2024,05166032,47eb2da2-a838-4e16-82df-4820e9aae609,1,72cd03cc-4da9-40eb-ab10-2afaba32234d,sole_city_buyer_aligned,2024-02-02Z,2024-02-02,2024-02-01+01:00,2024-02-01+01:00,,"[{""organization_id"": ""ORG-7001"", ""name"": ""Stadt Viersen""}]",2024-02-eforms.zip,47eb2da2-a838-4e16-82df-4820e9aae609-01.xml,8591111789ad1f8ddea7d5c9c97eb9e090816fded48de70615ad89ba71d9ef52
72385-2024,05158032,412a12f9-6479-4c5b-94dd-738c3eb2e630,1,6bed085b-3b9e-4583-9504-e78ac95c9c12,sole_city_buyer_aligned,2024-02-02Z,2024-02-02,2024-01-31+01:00,2024-02-02+01:00,,"[{""organization_id"": ""ORG-0001"", ""name"": ""Stadt Velbert, Der Bürgermeister\nFB 7.1""}]",2024-02-eforms.zip,412a12f9-6479-4c5b-94dd-738c3eb2e630-01.xml,79b7f9a3710d6f4e5582963e2eeb87459921fa4aea5b1d065c4ac0f3e7463666
75785-2024,05166032,da94b54c-9bf4-433e-ae73-414f7a94ef0b,1,90ec1676-82ce-49be-a8fe-e5019d52996f,sole_city_buyer_aligned,2024-02-05Z,2024-02-05,2024-02-02+01:00,2024-02-02+01:00,,"[{""organization_id"": ""ORG-7001"", ""name"": ""Stadt Viersen""}]",2024-02-eforms.zip,da94b54c-9bf4-433e-ae73-414f7a94ef0b-01.xml,030e5b43eff82452ea48754a93973f248daa7863029c2ecb1fdcb16db2c13ea3
77546-2024,05166032,6663803b-6f76-4356-8a07-f4d837cb863b,1,90ec1676-82ce-49be-a8fe-e5019d52996f,sole_city_buyer_aligned,2024-02-06Z,2024-02-06,2024-02-05+01:00,2024-02-05+01:00,da94b54c-9bf4-433e-ae73-414f7a94ef0b-01,"[{""organization_id"": ""ORG-7001"", ""name"": ""Stadt Viersen""}]",2024-02-eforms.zip,6663803b-6f76-4356-8a07-f4d837cb863b-01.xml,17882102b56dc77329bf0b5e7bdd289a4988c887cae77881fe4f94f8d9183652
96667-2024,05962060,51334164-1fcc-4325-a7ad-6e2d7b1b8e24,1,b1c0f768-840d-401a-8e95-ef3d0cab5481,sole_city_buyer_aligned,2024-02-15Z,2024-02-15,2024-02-14+01:00,2024-02-14+01:00,,"[{""organization_id"": ""ORG-0001"", ""name"": ""Stadt Werdohl""}]",2024-02-eforms.zip,51334164-1fcc-4325-a7ad-6e2d7b1b8e24-01.xml,eac4dff42bc19fffd0a76a61b7d05dffc4e0c426eefd4512091aa968a62896df
117638-2024,05158032,d3a326c6-71b6-4163-bfc1-68d72c26acc3,1,713a71ef-80e5-4c88-962a-bb9ce77880bd,sole_city_buyer_aligned,2024-02-26Z,2024-02-26,2024-02-22+01:00,2024-02-24+01:00,,"[{""organization_id"": ""ORG-0001"", ""name"": ""Stadt Velbert, Der Bürgermeister FB 7.1""}]",2024-02-eforms.zip,d3a326c6-71b6-4163-bfc1-68d72c26acc3-01.xml,04fc7407a4cc662ffc0d7d07614a0dcf5f317c19078352af27fb09fbcdec5d12
141329-2024,05166032,fafd32cf-0023-42e1-9631-14915831c348,1,12f8c62a-7a83-4ee0-a34a-507106e981bd,sole_city_buyer_aligned,2024-03-07Z,2024-03-07,2024-03-06+01:00,2024-03-06+01:00,,"[{""organization_id"": ""ORG-7001"", ""name"": ""Stadt Viersen""}]",2024-03-eforms.zip,fafd32cf-0023-42e1-9631-14915831c348-01.xml,68b00d5e28f62a740d6c1fc8352cf198fa563d447565e4a1e1b13cf0bc1cefde
145480-2024,05158032,75f9a31e-7e44-431b-a015-26aab02c8c05,1,a86915b6-d5bd-49a3-984a-207db8fa840b,sole_city_buyer_aligned,2024-03-11Z,2024-03-11,2024-03-07+01:00,2024-03-09+01:00,,"[{""organization_id"": ""ORG-0001"", ""name"": ""Stadt Velbert, Der Bürgermeister - Fachbereich 7 Immobilienservice""}]",2024-03-eforms.zip,75f9a31e-7e44-431b-a015-26aab02c8c05-01.xml,843ded762e8add1d556eafb50155333517003f6cee73325fd71fe57eaf1add05
182617-2024,05158032,e2244bb7-52cf-431f-8f41-8b5dfd136023,1,a86915b6-d5bd-49a3-984a-207db8fa840b,sole_city_buyer_aligned,2024-03-27Z,2024-03-27,2024-03-25+01:00,2024-03-27+01:00,75f9a31e-7e44-431b-a015-26aab02c8c05-01,"[{""organization_id"": ""ORG-0001"", ""name"": ""Stadt Velbert, Der Bürgermeister - Fachbereich 7 Immobilienservice""}]",2024-03-eforms.zip,e2244bb7-52cf-431f-8f41-8b5dfd136023-01.xml,a6e9eabbb6435ea24af8e1758e2ce85d62670af6208e1041278d540c5fe69293
217085-2024,05158032,09cbdc8f-1026-41cd-9bfe-156fa0b78960,1,851c5cc3-a4c1-4619-8ca2-2506c8cdf72c,sole_city_buyer_aligned,2024-04-12Z,2024-04-12,2024-04-10+02:00,2024-04-12+02:00,,"[{""organization_id"": ""ORG-0001"", ""name"": ""Stadt Velbert, Der Bürgermeister - Abt. 7.2 - Gebäudebewirtschaftung""}]",2024-04-eforms.zip,09cbdc8f-1026-41cd-9bfe-156fa0b78960-01.xml,9874ff48af629682c1cbd7ea6283ffb1dda3942d23cd5462e1b6edc0686f4faa
222337-2024,05166032,7a24c448-83a6-482b-a7e3-833aa8a6f555,1,46c67767-86e0-46ab-a715-8ec614b3dbbf,sole_city_buyer_aligned,2024-04-16Z,2024-04-16,2024-04-15+02:00,2024-04-15+02:00,,"[{""organization_id"": ""ORG-7001"", ""name"": ""Stadt Viersen""}]",2024-04-eforms.zip,7a24c448-83a6-482b-a7e3-833aa8a6f555-01.xml,7c15c1b765cecf14660d9e3cc0809cd6eeac59dc2fc8bc1fe7674a33206cbc2e
223092-2024,05166032,00a69960-2bf9-470b-adc2-09f2bbf85ba9,1,f23d6e55-7c8c-4c82-a60a-26bf911db34b,sole_city_buyer_aligned,2024-04-16Z,2024-04-16,2024-04-15+02:00,2024-04-15+02:00,,"[{""organization_id"": ""ORG-7001"", ""name"": ""Stadt Viersen""}]",2024-04-eforms.zip,00a69960-2bf9-470b-adc2-09f2bbf85ba9-01.xml,9f698f9b4709c10af97f8d3a525bd9d91838163cd0f0e9b25ea3ccf221a1c6ba
227971-2024,05158032,a12fbd06-76cf-4c3a-80d8-bfe8ae48330f,1,a86915b6-d5bd-49a3-984a-207db8fa840b,sole_city_buyer_aligned,2024-04-17Z,2024-04-17,2024-04-15+02:00,2024-04-17+02:00,e2244bb7-52cf-431f-8f41-8b5dfd136023-01,"[{""organization_id"": ""ORG-0001"", ""name"": ""Stadt Velbert, Der Bürgermeister - Fachbereich 7 Immobilienservice""}]",2024-04-eforms.zip,a12fbd06-76cf-4c3a-80d8-bfe8ae48330f-01.xml,bc913bfa3be956d75cc50a947c7425833ab2f9fe7a9df01b43cadef652e0ba2e
229159-2024,05166032,44dd6e63-a236-4cd1-88f7-da045beee914,1,5f35b94d-3ea0-4342-b5c4-cb40fa4c56b1,sole_city_buyer_aligned,2024-04-18Z,2024-04-18,2024-04-17+02:00,2024-04-17+02:00,,"[{""organization_id"": ""ORG-7001"", ""name"": ""Stadt Viersen""}]",2024-04-eforms.zip,44dd6e63-a236-4cd1-88f7-da045beee914-01.xml,141dc3bfbabd2936b5918a5311158b9c9c0e95129e0bd00b7e088c4b711119c0
231571-2024,05158032,b77072d2-57ec-456c-9e4f-f6561be15ee0,1,f076dfba-6724-423f-b447-b1f1a8de7d06,sole_city_buyer_aligned,2024-04-18Z,2024-04-18,2024-04-16+02:00,2024-04-18+02:00,,"[{""organization_id"": ""ORG-0001"", ""name"": ""Stadt Velbert, Der Bürgermeister - Abteilung 7.1 Immobilienservice""}]",2024-04-eforms.zip,b77072d2-57ec-456c-9e4f-f6561be15ee0-01.xml,09593c1ed31c91b86f922656a00887796e847ce3233d9b3ad74d2c39c63a4018
243664-2024,05158032,04fb7e4a-bda3-4243-8999-65ede71dbc37,1,3dfa0fa6-910d-4b09-9c53-7085df65b470,sole_city_buyer_aligned,2024-04-24Z,2024-04-24,2024-04-22+02:00,2024-04-24+02:00,,"[{""organization_id"": ""ORG-0001"", ""name"": ""Stadt Velbert, Der Bürgermeister - Abteilung 7.1\nImmobilienservice""}]",2024-04-eforms.zip,04fb7e4a-bda3-4243-8999-65ede71dbc37-01.xml,4c75c63f8274925c23f5b3463cfb7c1b769712321e8b3ce43317c372bd82cfbd
258654-2024,05166032,38cb3c06-8f8e-4a70-9402-009a7e28a7f0,1,46c67767-86e0-46ab-a715-8ec614b3dbbf,sole_city_buyer_aligned,2024-04-30Z,2024-04-30,2024-04-29+02:00,2024-04-29+02:00,7a24c448-83a6-482b-a7e3-833aa8a6f555-01,"[{""organization_id"": ""ORG-7001"", ""name"": ""Stadt Viersen""}]",2024-04-eforms.zip,38cb3c06-8f8e-4a70-9402-009a7e28a7f0-01.xml,f80826059ae3b54214acfcf4a518e6c0db246069bcaf85bc80eaf0eee6f457ff
268044-2024,05158032,5ec560d7-5744-4b89-8857-2768afa065a0,1,32e0c693-753e-4e0b-895e-001bf81e431b,sole_city_buyer_aligned,2024-05-06Z,2024-05-06,2024-05-02+02:00,2024-05-04+02:00,,"[{""organization_id"": ""ORG-0001"", ""name"": ""Stadt Velbert, Der Bürgermeister - Abt. Zentrale Dienste, IT 1.3""}]",2024-05-eforms.zip,5ec560d7-5744-4b89-8857-2768afa065a0-01.xml,f4b1ad6e5603e0c17166a4392eb395926a1e3242bf77604f8ba0ac49873277a0
287825-2024,05158032,95b9c713-7b96-4b98-a349-7361adbea593,1,65338c20-bfc7-45c1-a3e3-19a4c9013692,sole_city_buyer_aligned,2024-05-15Z,2024-05-15,2024-05-13+02:00,2024-05-15+02:00,,"[{""organization_id"": ""ORG-0001"", ""name"": ""Stadt Velbert, Der Bürgermeister Abteilung 7.1\nImmobilienservice""}]",2024-05-eforms.zip,95b9c713-7b96-4b98-a349-7361adbea593-01.xml,1eb7c8acd085c03271215df8e9988f3360b0e9ef5c3f2f3a3d3dd8539863251d
288959-2024,05158032,32a2f899-02a0-4bac-89b3-599dedb70c45,1,e1b5a6fa-be0e-4eef-b574-b0dfcb83df59,sole_city_buyer_aligned,2024-05-16Z,2024-05-16,2024-05-14+02:00,2024-05-16+02:00,,"[{""organization_id"": ""ORG-0001"", ""name"": ""Stadt Velbert, Der Bürgermeister, Fachbereich 7 Immobilienservice""}]",2024-05-eforms.zip,32a2f899-02a0-4bac-89b3-599dedb70c45-01.xml,0123291ad4524932c344548549a72e21a0c11013ff0d61612581cbe11f2412a6
291975-2024,05158032,18ea53c7-8f98-4337-920a-af4a82443a9f,1,2e8e3467-3a67-482f-8716-aad0157052d5,sole_city_buyer_aligned,2024-05-17Z,2024-05-17,2024-05-15+02:00,2024-05-17+02:00,,"[{""organization_id"": ""ORG-0001"", ""name"": ""Stadt Velbert, Der Bürgermeister, Fachbereich 7 Immobilienservice""}]",2024-05-eforms.zip,18ea53c7-8f98-4337-920a-af4a82443a9f-01.xml,d387d3a8326d7a5e738ae5a357c91a5b4742120627e6b8dca274a61439682ef5
333499-2024,05158032,e1cda4f3-ebb9-404a-8a37-fba1e3b35153,1,ded5b366-0cdc-4bf8-8dee-fa2c5bc90d99,sole_city_buyer_aligned,2024-06-06Z,2024-06-06,2024-06-04+02:00,2024-06-06+02:00,,"[{""organization_id"": ""ORG-0001"", ""name"": ""Stadt Velbert, Der Bürgermeister, Fachbereich 7 Immobilienservice""}]",2024-06-eforms.zip,e1cda4f3-ebb9-404a-8a37-fba1e3b35153-01.xml,7478943638227e38e1086665781909571a93be9da9ec80e11c2e9bdf5893d1e4
357047-2024,05166032,5620fa3e-46ed-4aa2-937f-09c4a01c96f7,1,0d678cf2-9268-4d11-b299-f65b203c74b8,sole_city_buyer_aligned,2024-06-17Z,2024-06-17,2024-06-14+02:00,2024-06-14+02:00,,"[{""organization_id"": ""ORG-7001"", ""name"": ""Stadt Viersen""}]",2024-06-eforms.zip,5620fa3e-46ed-4aa2-937f-09c4a01c96f7-01.xml,f10c42f768eb1226097a8aa07ad4ebf7f4edc91052bcdcb7ce93ed7608f11f57
366572-2024,05166032,312ee11a-ad61-410d-9a42-10159c8b3008,1,d9624647-cb21-4bc4-98ae-ab18c294725b,sole_city_buyer_aligned,2024-06-20Z,2024-06-20,2024-06-19+02:00,2024-06-19+02:00,,"[{""organization_id"": ""ORG-7001"", ""name"": ""Stadt Viersen""}]",2024-06-eforms.zip,312ee11a-ad61-410d-9a42-10159c8b3008-01.xml,bdc7cb38effaa51016585608e2b87578e12c3444d283799f58c8b9b799422961
386531-2024,05978036,8252d08d-d3ba-45c9-8b28-84c7e6134044,1,c0fe76a7-28fd-4511-975e-8e3f00398674,sole_city_buyer_aligned,2024-06-28Z,2024-06-28,2024-06-26+02:00,2024-06-28+02:00,,"[{""organization_id"": ""ORG-0001"", ""name"": ""Kreisstadt Unna""}]",2024-06-eforms.zip,8252d08d-d3ba-45c9-8b28-84c7e6134044-01.xml,25992cd5b562b08a53bf1c03518487ef4f7e97cbb0e827ec1f43fd753a7becf7
387558-2024,05962060,23b734e6-88c3-420a-97f4-3887deac0e22,1,1d1ee906-f768-438d-9925-6852865d6b20,sole_city_buyer_aligned,2024-07-01Z,2024-07-01,2024-06-28+02:00,2024-06-28+02:00,,"[{""organization_id"": ""ORG-0001"", ""name"": ""Stadt Werdohl, vertreten durch KUBUS Kommunalberatung und Service GmbH""}]",2024-06-eforms.zip,23b734e6-88c3-420a-97f4-3887deac0e22-01.xml,7fd2ba262c6b47c8efd8ad59f89c95171a4ca86b723256b1a54ebb745df662b9
388784-2024,05158032,eaf7e647-7d5c-41de-83a1-937bcacc5451,1,8289e8f9-fbbf-459f-8795-5523018743d5,sole_city_buyer_aligned,2024-07-01Z,2024-07-01,2024-06-27+02:00,2024-06-29+02:00,,"[{""organization_id"": ""ORG-0001"", ""name"": ""Stadt Velbert, Der Bürgermeister - Abt. 3.3 Stadterneuerung""}]",2024-06-eforms.zip,eaf7e647-7d5c-41de-83a1-937bcacc5451-01.xml,861135228ce69b968c5f4b0da03eef80aa7d58b9140e11fd243d2f5e4f23b0ea
392721-2024,05978036,cceb36f4-a625-4b1c-aed4-fe7195794b6d,1,39291693-2ca6-46d2-8840-bd2771afa806,sole_city_buyer_aligned,2024-07-02Z,2024-07-02,2024-07-01+02:00,2024-07-01+02:00,,"[{""organization_id"": ""ORG-0001"", ""name"": ""Kreisstadt Unna - Zentrale Vergabestelle""}]",2024-07-eforms.zip,cceb36f4-a625-4b1c-aed4-fe7195794b6d-01.xml,6423552fe720303775a1348972b1b7ae49211dc524d132530755a52edff00c1d
396761-2024,,9c7b631d-eaee-41e4-ad53-020a7d169151,1,0c329cb8-9bb1-4248-bf3f-ab394a1149ce,outside_retained_city_scope_or_review,2024-07-03Z,2024-07-03,2024-07-01+02:00,2024-07-01+02:00,,"[{""organization_id"": ""ORG-0001"", ""name"": ""Kreis Unna - Der Landrat""}, {""organization_id"": ""ORG-0002"", ""name"": ""Ennepe-Ruhr-Kreis""}, {""organization_id"": ""ORG-0003"", ""name"": ""Märkischer Kreis""}, {""organization_id"": ""ORG-0004"", ""name"": ""Kreis Olpe""}, {""organization_id"": ""ORG-0005"", ""name"": ""Kreis Siegen-Wittgenstein""}, {""organization_id"": ""ORG-0006"", ""name"": ""Kreis Soest""}]",2024-07-eforms.zip,9c7b631d-eaee-41e4-ad53-020a7d169151-01.xml,a31e156761168d113e90575c0406c0b3d338ad1029b00ed7df84e7e817b7c590
406944-2024,05158032,13c9facd-97c8-48e2-bb5a-e5b170a463b6,1,8289e8f9-fbbf-459f-8795-5523018743d5,sole_city_buyer_aligned,2024-07-08Z,2024-07-08,2024-07-05+02:00,2024-07-07+02:00,,"[{""organization_id"": ""ORG-0001"", ""name"": ""Stadt Velbert, Der Bürgermeister - Abt. 7.1 Immobilienservice""}]",2024-07-eforms.zip,13c9facd-97c8-48e2-bb5a-e5b170a463b6-01.xml,a7f5deee31d857dedcb3cb9c30dac3387295b8b4eb914339921fdc9d6e96337f
418762-2024,05978036,98ea3299-f85f-462c-b636-e7200efb94b0,1,c0fe76a7-28fd-4511-975e-8e3f00398674,sole_city_buyer_aligned,2024-07-12Z,2024-07-12,2024-07-10+02:00,2024-07-12+02:00,,"[{""organization_id"": ""ORG-0001"", ""name"": ""Kreisstadt Unna""}]",2024-07-eforms.zip,98ea3299-f85f-462c-b636-e7200efb94b0-01.xml,a01890c0eeecb78243515bfd22e98a90fe4d3914c00d6773608a62873cca052c
428024-2024,05978036,632535bd-7ce8-44be-81be-8bcb3d0c05bb,1,8436a400-36bb-43ff-a240-583f5c39c7e0,sole_city_buyer_aligned,2024-07-17Z,2024-07-17,2024-07-16+02:00,2024-07-16+02:00,,"[{""organization_id"": ""ORG-0001"", ""name"": ""Kreisstadt Unna - Zentrale Vergabestelle""}]",2024-07-eforms.zip,632535bd-7ce8-44be-81be-8bcb3d0c05bb-01.xml,7a283d74967af5ea2cc4f045309b36a9cd2d228a96755fa64a8ebcd2179cb336
428949-2024,05166032,a0085d8f-a2f0-4c95-b568-436f74674c8e,1,f6b8a9fc-b1ec-4604-bb92-a55b1cedc129,sole_city_buyer_aligned,2024-07-17Z,2024-07-17,2024-07-15+02:00,2024-07-15+02:00,,"[{""organization_id"": ""ORG-7001"", ""name"": ""Stadt Viersen""}]",2024-07-eforms.zip,a0085d8f-a2f0-4c95-b568-436f74674c8e-01.xml,145ed039cef7f481c6ac0823e56e5e8acb76381ed31bf09f7fddd5a8c331d2b4
453132-2024,05158032,01bce291-073e-4fc9-88f9-7cdf0b46570d,1,aba77fbf-b594-42c5-be16-fb2d04a03fb1,sole_city_buyer_aligned,2024-07-29+02:00,2024-07-29,2024-07-25+02:00,2024-07-27+02:00,,"[{""organization_id"": ""ORG-0001"", ""name"": ""Stadt Velbert, Der Bürgermeister, Fachbereich 7 Immobilienservice""}]",2024-07-eforms.zip,01bce291-073e-4fc9-88f9-7cdf0b46570d-01.xml,4420a89aa31e0e3add98b28456808cc374b407068fadf7add2146013bc7555a9
459887-2024,05370012,a14a23d3-ea50-4021-8815-2e99c81dfd80,1,805fb46c-eebf-4131-8cf1-5a64b23a424f,sole_city_buyer_aligned,2024-07-31+02:00,2024-07-31,2024-07-30+02:00,2024-07-30+02:00,,"[{""organization_id"": ""ORG-0001"", ""name"": ""Stadt Geilenkirchen, Die Bürgermeisterin - vertreten durch die ISPEX Consulting GmbH""}]",2024-07-eforms.zip,a14a23d3-ea50-4021-8815-2e99c81dfd80-01.xml,76173fda63cb74452fc1586ec58f66af65819e6560a605f0d03a5c3e15c673d3
462416-2024,05166032,41fb65e2-6e91-44ba-85e7-d766471b7042,1,7a25922b-16a7-49e9-ba83-b4d60d47a1b6,sole_city_buyer_aligned,2024-08-01+02:00,2024-08-01,2024-07-31+02:00,2024-07-31+02:00,,"[{""organization_id"": ""ORG-7001"", ""name"": ""Stadt Viersen""}]",2024-08-eforms.zip,41fb65e2-6e91-44ba-85e7-d766471b7042-01.xml,b060014af83f1dd5ba5cbefee58c17ca94bdeb01bb7fc79ecf7ff2f029784de2
464835-2024,,0a943ca2-c668-4299-a7ef-b49a57e81ede,1,0c329cb8-9bb1-4248-bf3f-ab394a1149ce,outside_retained_city_scope_or_review,2024-08-01+02:00,2024-08-01,2024-07-31+02:00,2024-07-31+02:00,9c7b631d-eaee-41e4-ad53-020a7d169151-01,"[{""organization_id"": ""ORG-0001"", ""name"": ""Kreis Unna - Der Landrat""}, {""organization_id"": ""ORG-0002"", ""name"": ""Ennepe-Ruhr-Kreis""}, {""organization_id"": ""ORG-0003"", ""name"": ""Märkischer Kreis""}, {""organization_id"": ""ORG-0004"", ""name"": ""Kreis Olpe""}, {""organization_id"": ""ORG-0005"", ""name"": ""Kreis Siegen-Wittgenstein""}, {""organization_id"": ""ORG-0006"", ""name"": ""Kreis Soest""}]",2024-08-eforms.zip,0a943ca2-c668-4299-a7ef-b49a57e81ede-01.xml,00ef47ca222ffb3952a8745035224641e76c3eaf07aaad02dbdaeaf4f6b79e91
466454-2024,05166032,102adbd9-2613-47d7-952b-dcf864bf6ed7,1,585904ac-735a-4a94-aab1-e62ae958708e,sole_city_buyer_aligned,2024-08-02+02:00,2024-08-02,2024-07-31+02:00,2024-07-31+02:00,,"[{""organization_id"": ""ORG-0001"", ""name"": ""Stadt Viersen""}]",2024-08-eforms.zip,102adbd9-2613-47d7-952b-dcf864bf6ed7-01.xml,32f0b077d5eb270c022d7998f79215313be0cfd77bd5f53092d6a3f4da6fe680
467194-2024,05166032,f49129a9-5e76-4160-9637-c18defeef033,1,33673faa-fbbb-4309-abd8-d775bcedcdce,sole_city_buyer_aligned,2024-08-02+02:00,2024-08-02,2024-07-31+02:00,2024-07-31+02:00,,"[{""organization_id"": ""ORG-0001"", ""name"": ""Stadt Viersen""}]",2024-08-eforms.zip,f49129a9-5e76-4160-9637-c18defeef033-01.xml,4548658c3a17273c086e208d6c724e66e157de809c30745498ab3b3c0bbd8641
480854-2024,,8aecffca-734c-46ce-8bf1-800b61c0524b,1,9be0c74e-b239-4b01-8761-90c5f27ff10e,outside_retained_city_scope_or_review,2024-08-09+02:00,2024-08-09,2024-08-08+02:00,2024-08-08+02:00,,"[{""organization_id"": ""ORG-0001"", ""name"": ""Kreisstadt Unna - Zentrale Vergabestelle""}]",2024-08-eforms.zip,8aecffca-734c-46ce-8bf1-800b61c0524b-01.xml,6e2d0d6e5b4802d5d3a9f827ee91cfbbd57f4edbbac5e9e9da1d1d67f4a01f1b
484646-2024,05978036,7af1eef5-7e3b-44a2-900f-6a8c8b27be9f,1,c0fe76a7-28fd-4511-975e-8e3f00398674,sole_city_buyer_aligned,2024-08-12+02:00,2024-08-12,2024-08-08+02:00,2024-08-10+02:00,,"[{""organization_id"": ""ORG-0001"", ""name"": ""Kreisstadt Unna""}]",2024-08-eforms.zip,7af1eef5-7e3b-44a2-900f-6a8c8b27be9f-01.xml,6a30c178c24032bc0be4dcb23dc196ac6ea56df30c40022c975501a91a3ec85f
485593-2024,05158032,27a38573-1983-4474-a37e-5f54ba709578,1,53a93649-43d5-47a9-9eff-4aa7997fe463,sole_city_buyer_aligned,2024-08-12+02:00,2024-08-12,2024-08-08+02:00,2024-08-10+02:00,,"[{""organization_id"": ""ORG-0001"", ""name"": ""Stadt Velbert - 4.1 Ordnungsamt""}]",2024-08-eforms.zip,27a38573-1983-4474-a37e-5f54ba709578-01.xml,d035dec6eddf43b4bc2254c87dee77487d001796c6a44120081ad24423a99f3c
488422-2024,05166032,98631b50-89f1-4a0c-8bb5-497eaffc4419,1,4598eef2-a268-465e-bec9-32ae5b255220,sole_city_buyer_aligned,2024-08-13+02:00,2024-08-13,2024-08-12+02:00,2024-08-12+02:00,,"[{""organization_id"": ""ORG-7001"", ""name"": ""Stadt Viersen""}]",2024-08-eforms.zip,98631b50-89f1-4a0c-8bb5-497eaffc4419-01.xml,5ea94882e5df6487e75864807c3818d9a5c030fcede5b0ad977b10f762e466e4
496197-2024,05166032,d22f580a-8620-4409-911d-865707bc546d,1,8e4ef694-12c1-41d4-9139-7b785d601399,sole_city_buyer_aligned,2024-08-19+02:00,2024-08-19,2024-08-15+02:00,2024-08-15+02:00,,"[{""organization_id"": ""ORG-7001"", ""name"": ""Stadt Viersen""}]",2024-08-eforms.zip,d22f580a-8620-4409-911d-865707bc546d-01.xml,7af8d04ece3eb0aeddd92594de84f147b52fd3ac8b4e937a5aa7ccefad3e51ff
496243-2024,05158032,63f5245e-c5aa-4153-b38c-267e4daeee61,1,aba77fbf-b594-42c5-be16-fb2d04a03fb1,sole_city_buyer_aligned,2024-08-19+02:00,2024-08-19,2024-08-15+02:00,2024-08-17+02:00,01bce291-073e-4fc9-88f9-7cdf0b46570d-01,"[{""organization_id"": ""ORG-0001"", ""name"": ""Stadt Velbert, Der Bürgermeister, Fachbereich 7 Immobilienservice""}]",2024-08-eforms.zip,63f5245e-c5aa-4153-b38c-267e4daeee61-01.xml,63096a55722c70574d4441427e7b098133034896d35e9f41864424edfb12af6d
529703-2024,05166032,bee9aae2-6b88-4c10-9ed6-077509c1cb06,1,8e4ef694-12c1-41d4-9139-7b785d601399,sole_city_buyer_aligned,2024-09-04+02:00,2024-09-04,2024-09-03+02:00,2024-09-03+02:00,d22f580a-8620-4409-911d-865707bc546d-01,"[{""organization_id"": ""ORG-7001"", ""name"": ""Stadt Viersen""}]",2024-09-eforms.zip,bee9aae2-6b88-4c10-9ed6-077509c1cb06-01.xml,6f6bef2c40e5027e03ebdc769563c936742172c495c61a7ed9d00d829487c6c4
549447-2024,05166032,7cbf5922-9172-4668-8dc3-3be901ef981b,1,8e4ef694-12c1-41d4-9139-7b785d601399,sole_city_buyer_aligned,2024-09-12+02:00,2024-09-12,2024-09-11+02:00,2024-09-11+02:00,bee9aae2-6b88-4c10-9ed6-077509c1cb06-01,"[{""organization_id"": ""ORG-7001"", ""name"": ""Stadt Viersen""}]",2024-09-eforms.zip,7cbf5922-9172-4668-8dc3-3be901ef981b-01.xml,a7d0fe8d84daeb29d81897b6c4c4cfc02b19e8d67bae544681ff5e9b8ba99a4e
555992-2024,05166032,801423ab-3c67-42f1-b59a-c1f6f42a69ff,1,cd4a83c7-6dba-4b37-97cb-6105627a31e4,sole_city_buyer_aligned,2024-09-17+02:00,2024-09-17,2024-09-16+02:00,2024-09-16+02:00,,"[{""organization_id"": ""ORG-7001"", ""name"": ""Stadt Viersen""}]",2024-09-eforms.zip,801423ab-3c67-42f1-b59a-c1f6f42a69ff-01.xml,05dfc76f6268c2bf6b7215d0c9c71b73e27d96c82b1f59381fb5b95fad8debea
560607-2024,05158032,4a7ecbee-77d2-4777-a0c0-be41c309cf25,1,53a93649-43d5-47a9-9eff-4aa7997fe463,sole_city_buyer_aligned,2024-09-18+02:00,2024-09-18,2024-09-16+02:00,2024-09-18+02:00,,"[{""organization_id"": ""ORG-0001"", ""name"": ""Stadt Velbert - 4.1 Ordnungsamt""}]",2024-09-eforms.zip,4a7ecbee-77d2-4777-a0c0-be41c309cf25-01.xml,aacb1ac138dbe559b338bff205c88c823e3462b72353ba2f607fb317b8ef5171
574433-2024,05978036,0b266609-37fb-45d2-86fe-0e2e8465a444,1,608306ff-be04-4349-9e84-1623c66d40da,sole_city_buyer_aligned,2024-09-24+02:00,2024-09-24,2024-09-23+02:00,2024-09-23+02:00,,"[{""organization_id"": ""ORG-0001"", ""name"": ""Kreisstadt Unna - Zentrale Vergabestelle""}]",2024-09-eforms.zip,0b266609-37fb-45d2-86fe-0e2e8465a444-01.xml,e0fdd9ff3d88d6db8eeba66b203d10d27ab60eaaedfd7efccdb4d4da05c96ec8
576627-2024,,bec6b16d-e954-497e-b8bc-7c2e83f7dd3d,1,07f26863-b262-4b3d-85c8-224b6f3f4fe4,outside_retained_city_scope_or_review,2024-09-25+02:00,2024-09-25,2024-09-24+02:00,2024-09-24+02:00,,"[{""organization_id"": ""ORG-0001"", ""name"": ""Kreisstadt Unna - Zentrale Vergabestelle""}]",2024-09-eforms.zip,bec6b16d-e954-497e-b8bc-7c2e83f7dd3d-01.xml,4d0865af40e8dcf2cd6f9fd5c732525d74f372044e8c75af78a78afe798d240d
627466-2024,05166032,562d398b-bd82-489d-af77-12a340aacd1e,1,698d547f-47e3-4223-8198-c50a347da526,sole_city_buyer_aligned,2024-10-17+02:00,2024-10-17,2024-10-15+02:00,2024-10-15+02:00,,"[{""organization_id"": ""ORG-7001"", ""name"": ""Stadt Viersen""}]",2024-10-eforms.zip,562d398b-bd82-489d-af77-12a340aacd1e-01.xml,a13a95cf440f8c8b33ad518ed1a012e928546fe95ec015691f53914fe83b0f93
733445-2024,05978036,4741b3b7-9582-4343-97a1-684c9f91756b,1,c0fe76a7-28fd-4511-975e-8e3f00398674,sole_city_buyer_aligned,2024-12-02+01:00,2024-12-02,2024-11-29+01:00,2024-12-01+01:00,,"[{""organization_id"": ""ORG-0001"", ""name"": ""Kreisstadt Unna""}]",2024-12-eforms.zip,4741b3b7-9582-4343-97a1-684c9f91756b-01.xml,1990fccc275fbe5a3816171813255d8708fb6693d2c22a0599bf459e6b4666ec
