scenario,per_test_alpha,assumed_municipal_outcome_sd_pp,gaussian_t_mde_pp,within_0_to_100pp_outcome_range,interpretation
confirmed_within_2pp,0.05,5,32.64043549704929,True,"Hypothetical SD grid; not measured variance, a substantively justified threshold, or exact bounded-outcome/RDD power."
confirmed_within_2pp,0.05,10,65.28087099409858,True,"Hypothetical SD grid; not measured variance, a substantively justified threshold, or exact bounded-outcome/RDD power."
confirmed_within_2pp,0.05,20,130.56174198819716,False,"Hypothetical SD grid; not measured variance, a substantively justified threshold, or exact bounded-outcome/RDD power."
confirmed_within_2pp,0.025,5,46.248203681488576,True,"Hypothetical SD grid; not measured variance, a substantively justified threshold, or exact bounded-outcome/RDD power."
confirmed_within_2pp,0.025,10,92.49640736297715,True,"Hypothetical SD grid; not measured variance, a substantively justified threshold, or exact bounded-outcome/RDD power."
confirmed_within_2pp,0.025,20,184.9928147259543,False,"Hypothetical SD grid; not measured variance, a substantively justified threshold, or exact bounded-outcome/RDD power."
optimistic_all_unknowns_mixed_within_2pp,0.05,5,15.354461332189391,True,"Hypothetical SD grid; not measured variance, a substantively justified threshold, or exact bounded-outcome/RDD power."
optimistic_all_unknowns_mixed_within_2pp,0.05,10,30.708922664378782,True,"Hypothetical SD grid; not measured variance, a substantively justified threshold, or exact bounded-outcome/RDD power."
optimistic_all_unknowns_mixed_within_2pp,0.05,20,61.417845328757565,True,"Hypothetical SD grid; not measured variance, a substantively justified threshold, or exact bounded-outcome/RDD power."
optimistic_all_unknowns_mixed_within_2pp,0.025,5,18.713920665380925,True,"Hypothetical SD grid; not measured variance, a substantively justified threshold, or exact bounded-outcome/RDD power."
optimistic_all_unknowns_mixed_within_2pp,0.025,10,37.42784133076185,True,"Hypothetical SD grid; not measured variance, a substantively justified threshold, or exact bounded-outcome/RDD power."
optimistic_all_unknowns_mixed_within_2pp,0.025,20,74.8556826615237,True,"Hypothetical SD grid; not measured variance, a substantively justified threshold, or exact bounded-outcome/RDD power."
confirmed_within_5pp,0.05,5,19.42543094276831,True,"Hypothetical SD grid; not measured variance, a substantively justified threshold, or exact bounded-outcome/RDD power."
confirmed_within_5pp,0.05,10,38.85086188553662,True,"Hypothetical SD grid; not measured variance, a substantively justified threshold, or exact bounded-outcome/RDD power."
confirmed_within_5pp,0.05,20,77.70172377107323,True,"Hypothetical SD grid; not measured variance, a substantively justified threshold, or exact bounded-outcome/RDD power."
confirmed_within_5pp,0.025,5,24.793831197349533,True,"Hypothetical SD grid; not measured variance, a substantively justified threshold, or exact bounded-outcome/RDD power."
confirmed_within_5pp,0.025,10,49.587662394699066,True,"Hypothetical SD grid; not measured variance, a substantively justified threshold, or exact bounded-outcome/RDD power."
confirmed_within_5pp,0.025,20,99.17532478939813,True,"Hypothetical SD grid; not measured variance, a substantively justified threshold, or exact bounded-outcome/RDD power."
confirmed_within_10pp,0.05,5,16.285865601001575,True,"Hypothetical SD grid; not measured variance, a substantively justified threshold, or exact bounded-outcome/RDD power."
confirmed_within_10pp,0.05,10,32.57173120200315,True,"Hypothetical SD grid; not measured variance, a substantively justified threshold, or exact bounded-outcome/RDD power."
confirmed_within_10pp,0.05,20,65.1434624040063,True,"Hypothetical SD grid; not measured variance, a substantively justified threshold, or exact bounded-outcome/RDD power."
confirmed_within_10pp,0.025,5,19.849110307617536,True,"Hypothetical SD grid; not measured variance, a substantively justified threshold, or exact bounded-outcome/RDD power."
confirmed_within_10pp,0.025,10,39.69822061523507,True,"Hypothetical SD grid; not measured variance, a substantively justified threshold, or exact bounded-outcome/RDD power."
confirmed_within_10pp,0.025,20,79.39644123047015,True,"Hypothetical SD grid; not measured variance, a substantively justified threshold, or exact bounded-outcome/RDD power."
optimistic_all_unknowns_mixed_within_10pp,0.05,5,4.2736218754493365,True,"Hypothetical SD grid; not measured variance, a substantively justified threshold, or exact bounded-outcome/RDD power."
optimistic_all_unknowns_mixed_within_10pp,0.05,10,8.547243750898673,True,"Hypothetical SD grid; not measured variance, a substantively justified threshold, or exact bounded-outcome/RDD power."
optimistic_all_unknowns_mixed_within_10pp,0.05,20,17.094487501797346,True,"Hypothetical SD grid; not measured variance, a substantively justified threshold, or exact bounded-outcome/RDD power."
optimistic_all_unknowns_mixed_within_10pp,0.025,5,4.736480045062168,True,"Hypothetical SD grid; not measured variance, a substantively justified threshold, or exact bounded-outcome/RDD power."
optimistic_all_unknowns_mixed_within_10pp,0.025,10,9.472960090124335,True,"Hypothetical SD grid; not measured variance, a substantively justified threshold, or exact bounded-outcome/RDD power."
optimistic_all_unknowns_mixed_within_10pp,0.025,20,18.94592018024867,True,"Hypothetical SD grid; not measured variance, a substantively justified threshold, or exact bounded-outcome/RDD power."
provisionally_linked_candidate_window,0.05,5,100.02496796358128,False,"Hypothetical SD grid; not measured variance, a substantively justified threshold, or exact bounded-outcome/RDD power."
provisionally_linked_candidate_window,0.05,10,200.04993592716255,False,"Hypothetical SD grid; not measured variance, a substantively justified threshold, or exact bounded-outcome/RDD power."
provisionally_linked_candidate_window,0.05,20,400.0998718543251,False,"Hypothetical SD grid; not measured variance, a substantively justified threshold, or exact bounded-outcome/RDD power."
provisionally_linked_candidate_window,0.025,5,199.89570467624185,False,"Hypothetical SD grid; not measured variance, a substantively justified threshold, or exact bounded-outcome/RDD power."
provisionally_linked_candidate_window,0.025,10,399.7914093524837,False,"Hypothetical SD grid; not measured variance, a substantively justified threshold, or exact bounded-outcome/RDD power."
provisionally_linked_candidate_window,0.025,20,799.5828187049674,False,"Hypothetical SD grid; not measured variance, a substantively justified threshold, or exact bounded-outcome/RDD power."
