observation_key,publication_number,ags,received_tenders,contract_conclusion_date,candidate_competition_date,candidate_competition_publication_number,phase_evidence,timing_status,competition_before_decisive_election,competition_before_council_boundary,contract_before_council_boundary,contract_lag_days,actual_term_assignment,main_treatment_assignment,automatic_award_deduplication
100570-2023:pdf:legacy:1,100570-2023,05158032,3,2023-02-09,2021-11-10,572859-2021,original_result_pdf_reference_and_indexed_competition_metadata,documented_chronology_supported,false,false,false,456,unverified,unverified,false
103107-2021:pdf:legacy:1,103107-2021,05962024,10,2021-02-01,2020-10-30,517850-2020,original_result_pdf_reference_and_indexed_competition_metadata,documented_chronology_supported,false,true,false,94,unverified,unverified,false
107193-2022:pdf:legacy:1,107193-2022,05962024,2,2022-02-16,2021-11-22,595253-2021,original_result_pdf_reference_and_indexed_competition_metadata,documented_chronology_supported,false,false,false,86,unverified,unverified,false
108865-2022:pdf:legacy:1,108865-2022,05962024,3,2022-02-09,2021-11-02,558230-2021,original_result_pdf_reference_and_indexed_competition_metadata,documented_chronology_supported,false,false,false,99,unverified,unverified,false
108865-2022:pdf:legacy:2,108865-2022,05962024,1,2022-02-09,2021-11-02,558230-2021,original_result_pdf_reference_and_indexed_competition_metadata,documented_chronology_supported,false,false,false,99,unverified,unverified,false
108865-2022:pdf:legacy:3,108865-2022,05962024,3,2022-02-09,2021-11-02,558230-2021,original_result_pdf_reference_and_indexed_competition_metadata,documented_chronology_supported,false,false,false,99,unverified,unverified,false
109750-2022:pdf:legacy:1,109750-2022,05962024,4,2022-02-21,2021-11-23,597752-2021,original_result_pdf_reference_and_indexed_competition_metadata,documented_chronology_supported,false,false,false,90,unverified,unverified,false
126218-2024:pdf:eform:LOT-0001,126218-2024,05158032,3,2024-02-02,2023-11-17,700769-2023,original_eforms_guid_and_correction_graph,documented_chronology_supported,false,false,false,77,unverified,unverified,false
131327-2021:pdf:legacy:1,131327-2021,05962024,3,2020-10-19,2020-06-16,279440-2020,original_result_pdf_reference_and_indexed_competition_metadata,documented_chronology_supported,true,true,true,125,unverified,unverified,false
143631-2021:pdf:legacy:1,143631-2021,05158032,1,2021-03-01,2020-11-11,539535-2020,original_result_pdf_reference_and_indexed_competition_metadata,documented_chronology_supported,false,false,false,110,unverified,unverified,false
143631-2021:pdf:legacy:2,143631-2021,05158032,2,2021-03-01,2020-11-11,539535-2020,original_result_pdf_reference_and_indexed_competition_metadata,documented_chronology_supported,false,false,false,110,unverified,unverified,false
151045-2022:pdf:legacy:1,151045-2022,05962024,5,2022-02-09,2021-10-12,515387-2021,original_result_pdf_reference_and_indexed_competition_metadata,documented_chronology_supported,false,false,false,120,unverified,unverified,false
151563-2021:pdf:legacy:1,151563-2021,05962024,17,2021-03-08,2020-12-18,612827-2020,original_result_pdf_reference_and_indexed_competition_metadata,documented_chronology_supported,false,false,false,80,unverified,unverified,false
151670-2021:pdf:legacy:1,151670-2021,05962024,3,2021-03-05,2021-01-22,32388-2021,original_result_pdf_reference_and_indexed_competition_metadata,documented_chronology_supported,false,false,false,42,unverified,unverified,false
152900-2022:pdf:legacy:1,152900-2022,05962024,10,2022-03-08,2022-01-28,48081-2022,original_result_pdf_reference_and_indexed_competition_metadata,documented_chronology_supported,false,false,false,39,unverified,unverified,false
152901-2022:pdf:legacy:1,152901-2022,05962024,4,2022-02-21,2021-07-27,380578-2021,original_result_pdf_reference_and_indexed_competition_metadata,documented_chronology_supported,false,false,false,209,unverified,unverified,false
17130-2024:pdf:eform:LOT-0001,17130-2024,05158032,12,2023-11-08,,,none,competition_missing_or_review_pending,,,false,,unverified,unverified,false
194586-2023:pdf:legacy:1,194586-2023,05158032,1,2023-03-24,2022-12-09,686006-2022,original_result_pdf_reference_and_indexed_competition_metadata,documented_chronology_supported,false,false,false,105,unverified,unverified,false
194586-2023:pdf:legacy:2,194586-2023,05158032,4,2023-03-24,2022-12-09,686006-2022,original_result_pdf_reference_and_indexed_competition_metadata,documented_chronology_supported,false,false,false,105,unverified,unverified,false
194586-2023:pdf:legacy:3,194586-2023,05158032,2,2023-03-24,2022-12-09,686006-2022,original_result_pdf_reference_and_indexed_competition_metadata,documented_chronology_supported,false,false,false,105,unverified,unverified,false
194586-2023:pdf:legacy:4,194586-2023,05158032,1,2023-03-24,2022-12-09,686006-2022,original_result_pdf_reference_and_indexed_competition_metadata,documented_chronology_supported,false,false,false,105,unverified,unverified,false
196097-2022:pdf:legacy:1,196097-2022,05962024,4,2022-04-04,2021-07-20,367407-2021,original_result_pdf_reference_and_indexed_competition_metadata,documented_chronology_supported,false,false,false,258,unverified,unverified,false
196766-2024:pdf:eform:LOT-0001,196766-2024,05370012,3,2024-03-20,,,none,competition_missing_or_review_pending,,,false,,unverified,unverified,false
200526-2022:pdf:legacy:1,200526-2022,05158032,1,2022-03-17,2022-01-10,10968-2022,original_result_pdf_reference_and_indexed_competition_metadata,documented_chronology_supported,false,false,false,66,unverified,unverified,false
21732-2021:pdf:legacy:1,21732-2021,05962024,3,2020-12-19,2020-10-13,481715-2020,original_result_pdf_reference_and_indexed_competition_metadata,documented_chronology_supported,false,true,false,67,unverified,unverified,false
218390-2024:pdf:eform:LOT-0001,218390-2024,05370012,13,2024-03-28,2024-01-30,61594-2024,original_eforms_guid_and_correction_graph,documented_chronology_supported,false,false,false,58,unverified,unverified,false
244394-2022:pdf:legacy:1,244394-2022,05158032,22,2022-04-25,2022-02-28,106808-2022,original_result_pdf_reference_and_indexed_competition_metadata,documented_chronology_supported,false,false,false,56,unverified,unverified,false
249478-2023:pdf:legacy:1,249478-2023,05962024,4,2023-04-11,2023-01-20,40067-2023,original_result_pdf_reference_and_indexed_competition_metadata,documented_chronology_supported,false,false,false,81,unverified,unverified,false
25385-2023:pdf:legacy:1,25385-2023,05158032,4,2022-12-23,2022-08-03,422800-2022,original_result_pdf_reference_and_indexed_competition_metadata,documented_chronology_supported,false,false,false,142,unverified,unverified,false
25385-2023:pdf:legacy:2,25385-2023,05158032,4,2022-12-23,2022-08-03,422800-2022,original_result_pdf_reference_and_indexed_competition_metadata,documented_chronology_supported,false,false,false,142,unverified,unverified,false
258948-2024:pdf:eform:LOT-0001,258948-2024,05158032,1,2024-04-22,2024-02-26,117638-2024,original_eforms_guid_and_correction_graph,documented_chronology_supported,false,false,false,56,unverified,unverified,false
275886-2022:pdf:legacy:1,275886-2022,05158032,2,2022-05-19,2021-03-10,119630-2021,original_result_pdf_reference_and_indexed_competition_metadata,documented_chronology_supported,false,false,false,435,unverified,unverified,false
277333-2023:pdf:legacy:1,277333-2023,05962024,2,2023-04-19,2023-01-20,42158-2023,original_result_pdf_reference_and_indexed_competition_metadata,documented_chronology_supported,false,false,false,89,unverified,unverified,false
293045-2022:pdf:legacy:1,293045-2022,05962024,4,2022-05-02,2022-03-16,137357-2022,original_result_pdf_reference_and_indexed_competition_metadata,documented_chronology_supported,false,false,false,47,unverified,unverified,false
293045-2022:pdf:legacy:2,293045-2022,05962024,3,2022-05-02,2022-03-16,137357-2022,original_result_pdf_reference_and_indexed_competition_metadata,documented_chronology_supported,false,false,false,47,unverified,unverified,false
293045-2022:pdf:legacy:3,293045-2022,05962024,3,2022-05-02,2022-03-16,137357-2022,original_result_pdf_reference_and_indexed_competition_metadata,documented_chronology_supported,false,false,false,47,unverified,unverified,false
293045-2022:pdf:legacy:4,293045-2022,05962024,4,2022-05-02,2022-03-16,137357-2022,original_result_pdf_reference_and_indexed_competition_metadata,documented_chronology_supported,false,false,false,47,unverified,unverified,false
293810-2022:pdf:legacy:1,293810-2022,05962024,2,2022-05-02,2022-03-02,111945-2022,original_result_pdf_reference_and_indexed_competition_metadata,documented_chronology_supported,false,false,false,61,unverified,unverified,false
293810-2022:pdf:legacy:2,293810-2022,05962024,2,2022-05-02,2022-03-02,111945-2022,original_result_pdf_reference_and_indexed_competition_metadata,documented_chronology_supported,false,false,false,61,unverified,unverified,false
293810-2022:pdf:legacy:3,293810-2022,05962024,2,2022-05-02,2022-03-02,111945-2022,original_result_pdf_reference_and_indexed_competition_metadata,documented_chronology_supported,false,false,false,61,unverified,unverified,false
293810-2022:pdf:legacy:4,293810-2022,05962024,2,2022-05-02,2022-03-02,111945-2022,original_result_pdf_reference_and_indexed_competition_metadata,documented_chronology_supported,false,false,false,61,unverified,unverified,false
300783-2022:pdf:legacy:1,300783-2022,05370012,5,2022-05-31,2021-12-28,670386-2021,original_result_pdf_reference_and_indexed_competition_metadata,documented_chronology_supported,false,false,false,154,unverified,unverified,false
32965-2023:pdf:legacy:1,32965-2023,05962024,1,2022-12-27,2022-10-12,558781-2022,original_result_pdf_reference_and_indexed_competition_metadata,documented_chronology_supported,false,false,false,76,unverified,unverified,false
32965-2023:pdf:legacy:2,32965-2023,05962024,4,2022-12-27,2022-10-12,558781-2022,original_result_pdf_reference_and_indexed_competition_metadata,documented_chronology_supported,false,false,false,76,unverified,unverified,false
34286-2023:pdf:legacy:1,34286-2023,05962024,1,2022-12-27,2022-10-12,558716-2022,original_result_pdf_reference_and_indexed_competition_metadata,documented_chronology_supported,false,false,false,76,unverified,unverified,false
34286-2023:pdf:legacy:2,34286-2023,05962024,4,2022-12-27,2022-10-12,558716-2022,original_result_pdf_reference_and_indexed_competition_metadata,documented_chronology_supported,false,false,false,76,unverified,unverified,false
346787-2022:pdf:legacy:1,346787-2022,05158032,1,2022-05-23,2022-02-09,70848-2022,original_result_pdf_reference_and_indexed_competition_metadata,documented_chronology_supported,false,false,false,103,unverified,unverified,false
346787-2022:pdf:legacy:2,346787-2022,05158032,3,2022-05-23,2022-02-09,70848-2022,original_result_pdf_reference_and_indexed_competition_metadata,documented_chronology_supported,false,false,false,103,unverified,unverified,false
346787-2022:pdf:legacy:3,346787-2022,05158032,2,2022-05-23,2022-02-09,70848-2022,original_result_pdf_reference_and_indexed_competition_metadata,documented_chronology_supported,false,false,false,103,unverified,unverified,false
346788-2022:pdf:legacy:1,346788-2022,05158032,1,2022-06-10,2022-04-06,179575-2022,original_result_pdf_reference_and_indexed_competition_metadata,documented_chronology_supported,false,false,false,65,unverified,unverified,false
346788-2022:pdf:legacy:2,346788-2022,05158032,1,2022-06-10,2022-04-06,179575-2022,original_result_pdf_reference_and_indexed_competition_metadata,documented_chronology_supported,false,false,false,65,unverified,unverified,false
346790-2022:pdf:legacy:1,346790-2022,05158032,1,2022-05-10,2022-02-04,60745-2022,original_result_pdf_reference_and_indexed_competition_metadata,documented_chronology_supported,false,false,false,95,unverified,unverified,false
346790-2022:pdf:legacy:2,346790-2022,05158032,1,2022-05-10,2022-02-04,60745-2022,original_result_pdf_reference_and_indexed_competition_metadata,documented_chronology_supported,false,false,false,95,unverified,unverified,false
359252-2022:pdf:legacy:1,359252-2022,05962024,1,2022-06-27,2022-02-22,95838-2022,original_result_pdf_reference_and_indexed_competition_metadata,documented_chronology_supported,false,false,false,125,unverified,unverified,false
368819-2022:pdf:legacy:1,368819-2022,05370012,2,2022-06-21,2022-03-30,165134-2022,original_result_pdf_reference_and_indexed_competition_metadata,documented_chronology_supported,false,false,false,83,unverified,unverified,false
370898-2022:pdf:legacy:1,370898-2022,05370012,6,2022-07-05,2022-03-01,109358-2022,original_result_pdf_reference_and_indexed_competition_metadata,documented_chronology_supported,false,false,false,126,unverified,unverified,false
370898-2022:pdf:legacy:2,370898-2022,05370012,2,2022-07-05,2022-03-01,109358-2022,original_result_pdf_reference_and_indexed_competition_metadata,documented_chronology_supported,false,false,false,126,unverified,unverified,false
383504-2024:pdf:eform:LOT-0001,383504-2024,05158032,3,2024-05-22,2024-03-11,145480-2024,original_eforms_guid_and_correction_graph,documented_chronology_supported,false,false,false,72,unverified,unverified,false
391720-2022:pdf:legacy:1,391720-2022,05158032,3,2022-06-27,2022-03-14,132181-2022,original_result_pdf_reference_and_indexed_competition_metadata,documented_chronology_supported,false,false,false,105,unverified,unverified,false
398378-2023:pdf:legacy:1,398378-2023,05158032,1,2023-05-23,2023-03-06,136221-2023,original_result_pdf_reference_and_indexed_competition_metadata,documented_chronology_supported,false,false,false,78,unverified,unverified,false
398378-2023:pdf:legacy:2,398378-2023,05158032,1,2023-05-23,2023-03-06,136221-2023,original_result_pdf_reference_and_indexed_competition_metadata,documented_chronology_supported,false,false,false,78,unverified,unverified,false
398378-2023:pdf:legacy:3,398378-2023,05158032,1,2023-05-23,2023-03-06,136221-2023,original_result_pdf_reference_and_indexed_competition_metadata,documented_chronology_supported,false,false,false,78,unverified,unverified,false
398378-2023:pdf:legacy:4,398378-2023,05158032,1,2023-05-23,2023-03-06,136221-2023,original_result_pdf_reference_and_indexed_competition_metadata,documented_chronology_supported,false,false,false,78,unverified,unverified,false
398378-2023:pdf:legacy:5,398378-2023,05158032,1,2023-05-23,2023-03-06,136221-2023,original_result_pdf_reference_and_indexed_competition_metadata,documented_chronology_supported,false,false,false,78,unverified,unverified,false
400779-2022:pdf:legacy:1,400779-2022,05370012,4,2022-07-15,2022-05-13,255891-2022,original_result_pdf_reference_and_indexed_competition_metadata,documented_chronology_supported,false,false,false,63,unverified,unverified,false
415814-2021:pdf:legacy:1,415814-2021,05962024,4,2021-08-06,2021-04-02,163671-2021,original_result_pdf_reference_and_indexed_competition_metadata,documented_chronology_supported,false,false,false,126,unverified,unverified,false
44116-2023:pdf:legacy:1,44116-2023,05158032,1,2022-12-20,2022-10-21,580945-2022,original_result_pdf_reference_and_indexed_competition_metadata,documented_chronology_supported,false,false,false,60,unverified,unverified,false
450685-2022:pdf:legacy:1,450685-2022,05962024,1,2022-07-19,2022-05-25,280011-2022,original_result_pdf_reference_and_indexed_competition_metadata,documented_chronology_supported,false,false,false,55,unverified,unverified,false
469602-2024:pdf:eform:LOT-0001,469602-2024,05158032,4,2024-07-18,2024-04-18,231571-2024,original_eforms_guid_and_correction_graph,documented_chronology_supported,false,false,false,91,unverified,unverified,false
470373-2024:pdf:eform:LOT-0001,470373-2024,05158032,3,2024-07-09,2024-05-06,268044-2024,original_eforms_guid_and_correction_graph,documented_chronology_supported,false,false,false,64,unverified,unverified,false
495897-2024:pdf:eform:LOT-0001,495897-2024,05158032,2,2024-08-12,2024-05-16,288959-2024,original_eforms_guid_and_correction_graph,documented_chronology_supported,false,false,false,88,unverified,unverified,false
508027-2023:pdf:legacy:1,508027-2023,05962024,12,2023-07-13,2023-04-26,248573-2023,original_result_pdf_reference_and_indexed_competition_metadata,documented_chronology_supported,false,false,false,78,unverified,unverified,false
508027-2023:pdf:legacy:2,508027-2023,05962024,12,2023-07-13,2023-04-26,248573-2023,original_result_pdf_reference_and_indexed_competition_metadata,documented_chronology_supported,false,false,false,78,unverified,unverified,false
508027-2023:pdf:legacy:3,508027-2023,05962024,12,2023-08-13,2023-04-26,248573-2023,original_result_pdf_reference_and_indexed_competition_metadata,documented_chronology_supported,false,false,false,109,unverified,unverified,false
508027-2023:pdf:legacy:4,508027-2023,05962024,12,2023-07-13,2023-04-26,248573-2023,original_result_pdf_reference_and_indexed_competition_metadata,documented_chronology_supported,false,false,false,78,unverified,unverified,false
508027-2023:pdf:legacy:5,508027-2023,05962024,12,2023-07-13,2023-04-26,248573-2023,original_result_pdf_reference_and_indexed_competition_metadata,documented_chronology_supported,false,false,false,78,unverified,unverified,false
508027-2023:pdf:legacy:6,508027-2023,05962024,12,2023-07-13,2023-04-26,248573-2023,original_result_pdf_reference_and_indexed_competition_metadata,documented_chronology_supported,false,false,false,78,unverified,unverified,false
508027-2023:pdf:legacy:7,508027-2023,05962024,12,2023-07-13,2023-04-26,248573-2023,original_result_pdf_reference_and_indexed_competition_metadata,documented_chronology_supported,false,false,false,78,unverified,unverified,false
508027-2023:pdf:legacy:8,508027-2023,05962024,12,2023-07-13,2023-04-26,248573-2023,original_result_pdf_reference_and_indexed_competition_metadata,documented_chronology_supported,false,false,false,78,unverified,unverified,false
508498-2021:pdf:legacy:1,508498-2021,05370012,6,2021-09-28,2021-07-07,341805-2021,original_result_pdf_reference_and_indexed_competition_metadata,documented_chronology_supported,false,false,false,83,unverified,unverified,false
510704-2021:pdf:legacy:1,510704-2021,05370012,11,2021-10-04,2021-07-23,374613-2021,original_result_pdf_reference_and_indexed_competition_metadata,documented_chronology_supported,false,false,false,73,unverified,unverified,false
511041-2021:pdf:legacy:1,511041-2021,05370012,4,2021-10-04,2021-05-21,256201-2021,original_result_pdf_reference_and_indexed_competition_metadata,documented_chronology_supported,false,false,false,136,unverified,unverified,false
511041-2021:pdf:legacy:2,511041-2021,05370012,2,2021-10-04,2021-05-21,256201-2021,original_result_pdf_reference_and_indexed_competition_metadata,documented_chronology_supported,false,false,false,136,unverified,unverified,false
517018-2021:pdf:legacy:1,517018-2021,05370012,2,2021-10-07,2021-05-25,261525-2021,original_result_pdf_reference_and_indexed_competition_metadata,documented_chronology_supported,false,false,false,135,unverified,unverified,false
538053-2024:pdf:eform:LOT-0001,538053-2024,05158032,3,2024-08-13,2024-05-17,291975-2024,original_eforms_guid_and_correction_graph,documented_chronology_supported,false,false,false,88,unverified,unverified,false
539469-2024:pdf:eform:LOT-0001,539469-2024,05158032,3,2024-08-26,2024-05-15,287825-2024,original_eforms_guid_and_correction_graph,documented_chronology_supported,false,false,false,103,unverified,unverified,false
586949-2024:pdf:eform:LOT-0001,586949-2024,05158032,6,2024-09-16,2024-06-06,333499-2024,original_eforms_guid_and_correction_graph,documented_chronology_supported,false,false,false,102,unverified,unverified,false
587436-2023:pdf:legacy:1,587436-2023,05158032,4,2023-09-21,2023-07-26,453480-2023,original_result_pdf_reference_and_indexed_competition_metadata,documented_chronology_supported,false,false,false,57,unverified,unverified,false
587512-2022:pdf:legacy:1,587512-2022,05962024,1,2022-10-12,2022-06-17,324622-2022,original_result_pdf_reference_and_indexed_competition_metadata,documented_chronology_supported,false,false,false,117,unverified,unverified,false
587521-2023:pdf:legacy:1,587521-2023,05962024,2,2023-09-14,2023-07-07,411361-2023,original_result_pdf_reference_and_indexed_competition_metadata,documented_chronology_supported,false,false,false,69,unverified,unverified,false
592004-2022:pdf:legacy:1,592004-2022,05962024,1,2022-09-27,2022-07-05,361706-2022,original_result_pdf_reference_and_indexed_competition_metadata,documented_chronology_supported,false,false,false,84,unverified,unverified,false
592004-2022:pdf:legacy:2,592004-2022,05962024,1,2022-09-27,2022-07-05,361706-2022,original_result_pdf_reference_and_indexed_competition_metadata,documented_chronology_supported,false,false,false,84,unverified,unverified,false
592007-2022:pdf:legacy:1,592007-2022,05962024,4,2022-09-26,2022-04-26,218604-2022,original_result_pdf_reference_and_indexed_competition_metadata,documented_chronology_supported,false,false,false,153,unverified,unverified,false
606073-2023:pdf:legacy:1,606073-2023,05158032,6,2023-09-18,2023-06-28,386023-2023,original_result_pdf_reference_and_indexed_competition_metadata,documented_chronology_supported,false,false,false,82,unverified,unverified,false
607617-2023:pdf:legacy:1,607617-2023,05158032,4,2023-09-29,2023-07-11,416866-2023,original_result_pdf_reference_and_indexed_competition_metadata,documented_chronology_supported,false,false,false,80,unverified,unverified,false
628629-2024:pdf:eform:LOT-0000,628629-2024,05370012,4,2024-09-27,2024-07-31,459887-2024,original_eforms_guid_and_correction_graph,documented_chronology_supported,false,false,false,58,unverified,unverified,false
630936-2022:pdf:legacy:1,630936-2022,05158032,2,2022-08-22,2022-07-20,393378-2022,original_result_pdf_reference_and_indexed_competition_metadata,documented_chronology_supported,false,false,false,33,unverified,unverified,false
635808-2023:pdf:legacy:1,635808-2023,05158032,2,2023-09-22,2023-07-19,438022-2023,original_result_pdf_reference_and_indexed_competition_metadata,documented_chronology_supported,false,false,false,65,unverified,unverified,false
670383-2022:pdf:legacy:1,670383-2022,05158032,1,2022-11-20,2022-09-14,500469-2022,original_result_pdf_reference_and_indexed_competition_metadata,documented_chronology_supported,false,false,false,67,unverified,unverified,false
6998-2023:pdf:legacy:1,6998-2023,05370012,5,2022-12-22,2022-09-12,494912-2022,original_result_pdf_reference_and_indexed_competition_metadata,documented_chronology_supported,false,false,false,101,unverified,unverified,false
707371-2023:pdf:eform:LOT-0001,707371-2023,05370012,4,2023-11-17,2023-09-11,546284-2023,original_result_xml_reference_and_indexed_competition_metadata,documented_chronology_supported,false,false,false,67,unverified,unverified,false
707371-2023:pdf:eform:LOT-0002,707371-2023,05370012,5,2023-11-17,2023-09-11,546284-2023,original_result_xml_reference_and_indexed_competition_metadata,documented_chronology_supported,false,false,false,67,unverified,unverified,false
726107-2024:pdf:eform:LOT-0001,726107-2024,05158032,1,2024-10-01,,,original_eforms_guid_and_correction_graph,competition_missing_or_review_pending,,,false,,unverified,unverified,false
74979-2022:pdf:legacy:1,74979-2022,05370012,4,2022-02-07,2021-10-06,504783-2021,original_result_pdf_reference_and_indexed_competition_metadata,documented_chronology_supported,false,false,false,124,unverified,unverified,false
786759-2024:pdf:eform:LOT-0001,786759-2024,05158032,2,2024-10-30,,,original_eforms_guid_and_correction_graph,competition_missing_or_review_pending,,,false,,unverified,unverified,false
788767-2024:pdf:eform:LOT-0001,788767-2024,05158032,2,2024-11-06,2024-07-29,453132-2024,original_eforms_guid_and_correction_graph,documented_chronology_supported,false,false,false,100,unverified,unverified,false
126957-2024:xml:RES-0001,126957-2024,05370012,3,2024-02-14,,,none,competition_missing_or_review_pending,,,false,,unverified,unverified,false
254530-2024:xml:RES-0001,254530-2024,05166032,1,2024-04-15,2024-02-05,75785-2024,original_eforms_guid_and_correction_graph,documented_chronology_supported,false,false,false,70,unverified,unverified,false
254530-2024:xml:RES-0002,254530-2024,05166032,1,2024-04-15,2024-02-05,75785-2024,original_eforms_guid_and_correction_graph,documented_chronology_supported,false,false,false,70,unverified,unverified,false
254530-2024:xml:RES-0003,254530-2024,05166032,1,2024-04-15,2024-02-05,75785-2024,original_eforms_guid_and_correction_graph,documented_chronology_supported,false,false,false,70,unverified,unverified,false
254530-2024:xml:RES-0004,254530-2024,05166032,1,2024-04-15,2024-02-05,75785-2024,original_eforms_guid_and_correction_graph,documented_chronology_supported,false,false,false,70,unverified,unverified,false
254530-2024:xml:RES-0005,254530-2024,05166032,1,2024-04-15,2024-02-05,75785-2024,original_eforms_guid_and_correction_graph,documented_chronology_supported,false,false,false,70,unverified,unverified,false
381033-2024:xml:RES-0001,381033-2024,05166032,3,2024-06-21,2024-03-07,141329-2024,original_eforms_guid_and_correction_graph,documented_chronology_supported,false,false,false,106,unverified,unverified,false
381033-2024:xml:RES-0002,381033-2024,05166032,2,2024-06-21,2024-03-07,141329-2024,original_eforms_guid_and_correction_graph,documented_chronology_supported,false,false,false,106,unverified,unverified,false
381033-2024:xml:RES-0003,381033-2024,05166032,3,2024-06-21,2024-03-07,141329-2024,original_eforms_guid_and_correction_graph,documented_chronology_supported,false,false,false,106,unverified,unverified,false
381033-2024:xml:RES-0004,381033-2024,05166032,2,2024-06-21,2024-03-07,141329-2024,original_eforms_guid_and_correction_graph,documented_chronology_supported,false,false,false,106,unverified,unverified,false
760455-2024:xml:RES-0001,760455-2024,05166032,3,2024-11-29,2024-08-02,467194-2024,original_eforms_guid_and_correction_graph,documented_chronology_supported,false,false,false,119,unverified,unverified,false
761195-2024:xml:RES-0001,761195-2024,05166032,3,2024-11-29,2024-08-02,466454-2024,original_eforms_guid_and_correction_graph,documented_chronology_supported,false,false,false,119,unverified,unverified,false
374488-2024:xml:RES-0001,374488-2024,05978036,1,2024-06-21,,,none,competition_missing_or_review_pending,,,false,,unverified,unverified,false
519951-2024:xml:RES-0001,519951-2024,05962060,5,2024-08-26,2024-07-01,387558-2024,original_eforms_guid_and_correction_graph,documented_chronology_supported,false,false,false,56,unverified,unverified,false
610665-2024:xml:RES-0001,610665-2024,05978036,1,2024-09-13,,,none,competition_missing_or_review_pending,,,false,,unverified,unverified,false
657189-2024:xml:RES-0001,657189-2024,05978036,1,2024-10-25,,,none,competition_missing_or_review_pending,,,false,,unverified,unverified,false
740622-2024:xml:RES-0001,740622-2024,05978036,5,2024-12-02,2024-09-24,574433-2024,original_eforms_guid_and_correction_graph,documented_chronology_supported,false,false,false,69,unverified,unverified,false
