scenario,female_wins,female_losses,elections,per_test_alpha,target_power,normal_approx_mde_sd,gaussian_pooled_t_mde_sd,pooled_t_df,status,limitation
confirmed_within_1pp,0,2,2,0.05,0.8,,,,not_estimable_no_cutoff_side_or_df,Existing supported presentations; procurement/window eligibility not assumed.
confirmed_within_1pp,0,2,2,0.025,0.8,,,,not_estimable_no_cutoff_side_or_df,Existing supported presentations; procurement/window eligibility not assumed.
confirmed_within_2pp,1,3,4,0.05,0.8,3.2349919596703973,6.528087099409857,2,optimistic_non_RDD_benchmark,Existing supported presentations; procurement/window eligibility not assumed.
confirmed_within_2pp,1,3,4,0.025,0.8,3.5599694278082086,9.249640736297716,2,optimistic_non_RDD_benchmark,Existing supported presentations; procurement/window eligibility not assumed.
optimistic_all_unknowns_mixed_within_2pp,3,3,6,0.05,0.8,2.2874847517668964,3.070892266437878,4,optimistic_non_RDD_benchmark,Conditional upper bound: every unresolved pair can become binary mixed; best feasible balance. Possible female wins 2..3. No assignments/coverage certified.
optimistic_all_unknowns_mixed_within_2pp,3,3,6,0.025,0.8,2.517278523219978,3.742784133076185,4,optimistic_non_RDD_benchmark,Conditional upper bound: every unresolved pair can become binary mixed; best feasible balance. Possible female wins 2..3. No assignments/coverage certified.
confirmed_within_5pp,2,3,5,0.05,0.8,2.557485701222506,3.885086188553662,3,optimistic_non_RDD_benchmark,Existing supported presentations; procurement/window eligibility not assumed.
confirmed_within_5pp,2,3,5,0.025,0.8,2.8144029481100765,4.958766239469907,3,optimistic_non_RDD_benchmark,Existing supported presentations; procurement/window eligibility not assumed.
confirmed_within_10pp,2,4,6,0.05,0.8,2.426243969752798,3.2571731202003154,4,optimistic_non_RDD_benchmark,Existing supported presentations; procurement/window eligibility not assumed.
confirmed_within_10pp,2,4,6,0.025,0.8,2.6699770708561568,3.969822061523507,4,optimistic_non_RDD_benchmark,Existing supported presentations; procurement/window eligibility not assumed.
optimistic_all_unknowns_mixed_within_10pp,22,23,45,0.05,0.8,0.8354776485796043,0.8547243750898673,43,optimistic_non_RDD_benchmark,Conditional upper bound: every unresolved pair can become binary mixed; best feasible balance. Possible female wins 5..36. No assignments/coverage certified.
optimistic_all_unknowns_mixed_within_10pp,22,23,45,0.025,0.8,0.9194071959497299,0.9472960090124336,43,optimistic_non_RDD_benchmark,Conditional upper bound: every unresolved pair can become binary mixed; best feasible balance. Possible female wins 5..36. No assignments/coverage certified.
provisionally_linked_candidate_window,1,2,3,0.05,0.8,3.431227127650344,20.004993592716254,1,optimistic_non_RDD_benchmark,"At least one existing supported called dated/count unit in Nov2023-Dec2024; incomplete pilot, not final sample."
provisionally_linked_candidate_window,1,2,3,0.025,0.8,3.7759177848299665,39.97914093524837,1,optimistic_non_RDD_benchmark,"At least one existing supported called dated/count unit in Nov2023-Dec2024; incomplete pilot, not final sample."
