response_batch_id,query_number,query,domains,recency,response_length,search_provider,recorded_at_utc,timestamp_semantics,response_local_file,response_bytes,response_sha256,target_priority_ranks,target_ags
priority-followup-1,1,"Leichlingen ""2020"" ""Herr"" ""Maurice Winter""",[],,long,web search tool,2026-10-05 14:39:27 UTC,tool request time recorded immediately before submission,outputs/nrw-close-pair-screen/priority-followup-1.json,29952,b2cd3cd30fb5eb40466327344adf00cc1bf3f8c915e0bc8afdd72a0c2ec66927,2,05378016
priority-followup-1,2,"Heiden ""2020"" ""Herr"" ""Voßkamp""",[],,long,web search tool,2026-10-05 14:39:27 UTC,tool request time recorded immediately before submission,outputs/nrw-close-pair-screen/priority-followup-1.json,29952,b2cd3cd30fb5eb40466327344adf00cc1bf3f8c915e0bc8afdd72a0c2ec66927,5,05554028
priority-followup-1,3,"Heiden ""2020"" ""Herr"" ""Andreas Berger""",[],,long,web search tool,2026-10-05 14:39:27 UTC,tool request time recorded immediately before submission,outputs/nrw-close-pair-screen/priority-followup-1.json,29952,b2cd3cd30fb5eb40466327344adf00cc1bf3f8c915e0bc8afdd72a0c2ec66927,5,05554028
priority-followup-1,4,"Herzebrock-Clarholz ""2020"" ""Herr"" ""Marco Diethelm""",[],,long,web search tool,2026-10-05 14:39:27 UTC,tool request time recorded immediately before submission,outputs/nrw-close-pair-screen/priority-followup-1.json,29952,b2cd3cd30fb5eb40466327344adf00cc1bf3f8c915e0bc8afdd72a0c2ec66927,8,05754020
priority-followup-2,1,"Herzebrock-Clarholz ""2020"" ""Harald Loermann"" ""er""",[],,long,web search tool,2026-10-05 14:39:27 UTC,tool request time recorded immediately before submission,outputs/nrw-close-pair-screen/priority-followup-2.json,30023,8076c09e7bf1723a0d923de71ee786e1b09c7701f6be5224695729a665e270a5,8,05754020
priority-followup-2,2,"Viersen ""2020"" ""Herr"" ""Christoph Hopp""",[],,long,web search tool,2026-10-05 14:39:27 UTC,tool request time recorded immediately before submission,outputs/nrw-close-pair-screen/priority-followup-2.json,30023,8076c09e7bf1723a0d923de71ee786e1b09c7701f6be5224695729a665e270a5,11,05166032
priority-followup-2,3,"Übach-Palenberg ""2020"" ""Herr"" ""Pickartz""",[],,long,web search tool,2026-10-05 14:39:27 UTC,tool request time recorded immediately before submission,outputs/nrw-close-pair-screen/priority-followup-2.json,30023,8076c09e7bf1723a0d923de71ee786e1b09c7701f6be5224695729a665e270a5,12,05370028
priority-followup-2,4,"Herten ""2020"" ""Herr"" ""Fred Toplak""",[],,long,web search tool,2026-10-05 14:39:27 UTC,tool request time recorded immediately before submission,outputs/nrw-close-pair-screen/priority-followup-2.json,30023,8076c09e7bf1723a0d923de71ee786e1b09c7701f6be5224695729a665e270a5,13,05562020
priority-followup-3,1,"""Maurice Winter"" ""2020"" site:leichlingen.de",[],,long,web search tool,2026-10-05 14:40:03 UTC,tool request time recorded immediately before submission,outputs/nrw-close-pair-screen/priority-followup-3.json,21652,864ee60d9c77e55e60e1351b463aaf62d818b19f22b7a6b782a0aa004568c14a,2,05378016
priority-followup-3,2,"""Patrick Voßkamp"" ""2020"" site:heiden.de",[],,long,web search tool,2026-10-05 14:40:03 UTC,tool request time recorded immediately before submission,outputs/nrw-close-pair-screen/priority-followup-3.json,21652,864ee60d9c77e55e60e1351b463aaf62d818b19f22b7a6b782a0aa004568c14a,5,05554028
priority-followup-3,3,"""Andreas Berger"" ""2020"" site:heiden.de",[],,long,web search tool,2026-10-05 14:40:03 UTC,tool request time recorded immediately before submission,outputs/nrw-close-pair-screen/priority-followup-3.json,21652,864ee60d9c77e55e60e1351b463aaf62d818b19f22b7a6b782a0aa004568c14a,5,05554028
priority-followup-3,4,"""Marco Diethelm"" ""2020"" ""Herr"" site:herzebrock-clarholz.de",[],,long,web search tool,2026-10-05 14:40:03 UTC,tool request time recorded immediately before submission,outputs/nrw-close-pair-screen/priority-followup-3.json,21652,864ee60d9c77e55e60e1351b463aaf62d818b19f22b7a6b782a0aa004568c14a,8,05754020
priority-followup-4,1,"""Harald Loermann"" ""2020"" site:uwg-herzebrock-clarholz.de",[],,long,web search tool,2026-10-05 14:40:03 UTC,tool request time recorded immediately before submission,outputs/nrw-close-pair-screen/priority-followup-4.json,28559,663c91d7211b8faf1c556aa5368b36f741c4a79c6afe1d3d4120b9bfb37c455c,8,05754020
priority-followup-4,2,"""Christoph Hopp"" ""2020"" site:ris.viersen.de",[],,long,web search tool,2026-10-05 14:40:03 UTC,tool request time recorded immediately before submission,outputs/nrw-close-pair-screen/priority-followup-4.json,28559,663c91d7211b8faf1c556aa5368b36f741c4a79c6afe1d3d4120b9bfb37c455c,11,05166032
priority-followup-4,3,"""Alf-Ingo Pickartz"" ""2020"" site:uebach-palenberg.de",[],,long,web search tool,2026-10-05 14:40:03 UTC,tool request time recorded immediately before submission,outputs/nrw-close-pair-screen/priority-followup-4.json,28559,663c91d7211b8faf1c556aa5368b36f741c4a79c6afe1d3d4120b9bfb37c455c,12,05370028
priority-followup-4,4,"""Fred Toplak"" ""2020"" site:herten.de",[],,long,web search tool,2026-10-05 14:40:03 UTC,tool request time recorded immediately before submission,outputs/nrw-close-pair-screen/priority-followup-4.json,28559,663c91d7211b8faf1c556aa5368b36f741c4a79c6afe1d3d4120b9bfb37c455c,13,05562020
priority-followup-5,1,"""Maurice Winter"" ""2020"" CDU ""er""",[],,long,web search tool,2026-10-05 14:40:38 UTC,tool request time recorded immediately before submission,outputs/nrw-close-pair-screen/priority-followup-5.json,31447,40721991efbfad5f30294247f7ca98ed8db61efd321efab5502e4d284e46d750,2,05378016
priority-followup-5,2,"""Patrick Voßkamp"" ""2020"" CDU ""er""",[],,long,web search tool,2026-10-05 14:40:38 UTC,tool request time recorded immediately before submission,outputs/nrw-close-pair-screen/priority-followup-5.json,31447,40721991efbfad5f30294247f7ca98ed8db61efd321efab5502e4d284e46d750,5,05554028
priority-followup-5,3,"""Andreas Berger"" ""2020"" ""Heiden"" SPD",[],,long,web search tool,2026-10-05 14:40:38 UTC,tool request time recorded immediately before submission,outputs/nrw-close-pair-screen/priority-followup-5.json,31447,40721991efbfad5f30294247f7ca98ed8db61efd321efab5502e4d284e46d750,5,05554028
priority-followup-5,4,"""Christoph Hopp"" ""2020"" CDU",[],,long,web search tool,2026-10-05 14:40:38 UTC,tool request time recorded immediately before submission,outputs/nrw-close-pair-screen/priority-followup-5.json,31447,40721991efbfad5f30294247f7ca98ed8db61efd321efab5502e4d284e46d750,11,05166032
priority-followup-6,1,"""Alf-Ingo Pickartz"" ""2020"" SPD",[],,long,web search tool,2026-10-05 14:40:38 UTC,tool request time recorded immediately before submission,outputs/nrw-close-pair-screen/priority-followup-6.json,29007,27c2e0290633d183b11272fef93ee95236887d34f182335fd56ed175cf63e7a4,12,05370028
priority-followup-6,2,"""Patrick Voßkamp"" ""Herr"" ""2020"" -site:jameda.de",[],,long,web search tool,2026-10-05 14:40:38 UTC,tool request time recorded immediately before submission,outputs/nrw-close-pair-screen/priority-followup-6.json,29007,27c2e0290633d183b11272fef93ee95236887d34f182335fd56ed175cf63e7a4,5,05554028
priority-followup-6,3,"""Andreas Berger"" ""Herr"" ""Heiden""",[],,long,web search tool,2026-10-05 14:40:38 UTC,tool request time recorded immediately before submission,outputs/nrw-close-pair-screen/priority-followup-6.json,29007,27c2e0290633d183b11272fef93ee95236887d34f182335fd56ed175cf63e7a4,5,05554028
priority-followup-6,4,"""Maurice Winter"" ""2020"" ""Niederschrift""",[],,long,web search tool,2026-10-05 14:40:38 UTC,tool request time recorded immediately before submission,outputs/nrw-close-pair-screen/priority-followup-6.json,29007,27c2e0290633d183b11272fef93ee95236887d34f182335fd56ed175cf63e7a4,2,05378016
priority-followup-7,1,Heiden Ratsinformationssystem,[],,long,web search tool,2026-10-05 14:42:48 UTC,tool request time recorded immediately before submission,outputs/nrw-close-pair-screen/priority-followup-7.json,32217,7e6c475976d176d2a3d038e807474cb1da34863caa3670658ddddce591d2665d,5,05554028
priority-followup-7,2,Leichlingen Ratsinformationssystem,[],,long,web search tool,2026-10-05 14:42:48 UTC,tool request time recorded immediately before submission,outputs/nrw-close-pair-screen/priority-followup-7.json,32217,7e6c475976d176d2a3d038e807474cb1da34863caa3670658ddddce591d2665d,2,05378016
priority-followup-7,3,"""Christoph Hopp"" ""2020"" ""Herr"" -site:kas.de -site:slidetodoc.com -site:kit.edu",[],,long,web search tool,2026-10-05 14:42:48 UTC,tool request time recorded immediately before submission,outputs/nrw-close-pair-screen/priority-followup-7.json,32217,7e6c475976d176d2a3d038e807474cb1da34863caa3670658ddddce591d2665d,11,05166032
priority-followup-7,4,"""Alf-Ingo Pickartz"" ""2020"" ""er"" site:spd-uebach-palenberg.de",[],,long,web search tool,2026-10-05 14:42:48 UTC,tool request time recorded immediately before submission,outputs/nrw-close-pair-screen/priority-followup-7.json,32217,7e6c475976d176d2a3d038e807474cb1da34863caa3670658ddddce591d2665d,12,05370028
priority-followup-8,1,"""Christoph Hopp"" ""2020"" ""CDU"" ""Kandidat""",[],,long,web search tool,2026-10-05 14:46:24 UTC,tool request time recorded immediately before submission,outputs/nrw-close-pair-screen/priority-followup-8.json,31063,26f887550b4a7e8386e42832e30fa25efe77f8ac5824db7ef28284f6b189ace4,11,05166032
priority-followup-8,2,"""Christoph Hopp"" site:cdu-viersen.de",[],,long,web search tool,2026-10-05 14:46:24 UTC,tool request time recorded immediately before submission,outputs/nrw-close-pair-screen/priority-followup-8.json,31063,26f887550b4a7e8386e42832e30fa25efe77f8ac5824db7ef28284f6b189ace4,11,05166032
priority-followup-8,3,"""Alf-Ingo Pickartz"" ""2020"" ""seine""",[],,long,web search tool,2026-10-05 14:46:24 UTC,tool request time recorded immediately before submission,outputs/nrw-close-pair-screen/priority-followup-8.json,31063,26f887550b4a7e8386e42832e30fa25efe77f8ac5824db7ef28284f6b189ace4,12,05370028
priority-followup-8,4,"""Patrick Voßkamp"" ""2020"" ""Gemeinde"" ""Vereidigung""",[],,long,web search tool,2026-10-05 14:46:24 UTC,tool request time recorded immediately before submission,outputs/nrw-close-pair-screen/priority-followup-8.json,31063,26f887550b4a7e8386e42832e30fa25efe77f8ac5824db7ef28284f6b189ace4,5,05554028
priority-followup-9,1,"""Heiden"" ""Berger"" ""2020"" ""Herr""",[],,long,web search tool,2026-10-05 14:57:22 UTC,response return time recorded immediately after tool completion,outputs/nrw-close-pair-screen/priority-followup-9.json,29250,a5ef15f2e774fa0a952cbfd3c63c009a2277aaabb86731b45e61f445fd26acbf,5,05554028
priority-followup-9,2,"""Heiden"" ""Voßkamp"" ""2020"" ""Herr""",[],,long,web search tool,2026-10-05 14:57:22 UTC,response return time recorded immediately after tool completion,outputs/nrw-close-pair-screen/priority-followup-9.json,29250,a5ef15f2e774fa0a952cbfd3c63c009a2277aaabb86731b45e61f445fd26acbf,5,05554028
priority-followup-9,3,"""Pickartz"" ""2020"" ""Herr"" site:uebach-palenberg.de",[],,long,web search tool,2026-10-05 14:57:22 UTC,response return time recorded immediately after tool completion,outputs/nrw-close-pair-screen/priority-followup-9.json,29250,a5ef15f2e774fa0a952cbfd3c63c009a2277aaabb86731b45e61f445fd26acbf,12,05370028
priority-followup-9,4,"""Winter"" ""2020"" ""Herr"" site:leichlingen.de",[],,long,web search tool,2026-10-05 14:57:22 UTC,response return time recorded immediately after tool completion,outputs/nrw-close-pair-screen/priority-followup-9.json,29250,a5ef15f2e774fa0a952cbfd3c63c009a2277aaabb86731b45e61f445fd26acbf,2,05378016
priority-followup-10,1,"""Christoph Hopp"" ""2020"" ""er""",[],,long,web search tool,2026-10-05 14:58:35 UTC,tool request time recorded immediately before submission,outputs/nrw-close-pair-screen/priority-followup-10.json,29995,beccba26e896a3e294796a3f698674dbc26ddaefa1a6a75802bbcd683bafd70a,11,05166032
priority-followup-10,2,"""Alf-Ingo Pickartz"" ""2020"" ""er""",[],,long,web search tool,2026-10-05 14:58:35 UTC,tool request time recorded immediately before submission,outputs/nrw-close-pair-screen/priority-followup-10.json,29995,beccba26e896a3e294796a3f698674dbc26ddaefa1a6a75802bbcd683bafd70a,12,05370028
priority-followup-10,3,"""Andreas Berger"" ""Heiden"" ""2020"" SPD",[],,long,web search tool,2026-10-05 14:58:35 UTC,tool request time recorded immediately before submission,outputs/nrw-close-pair-screen/priority-followup-10.json,29995,beccba26e896a3e294796a3f698674dbc26ddaefa1a6a75802bbcd683bafd70a,5,05554028
priority-followup-10,4,"""Maurice Winter"" ""2020"" ""Herr""",[],,long,web search tool,2026-10-05 14:58:35 UTC,tool request time recorded immediately before submission,outputs/nrw-close-pair-screen/priority-followup-10.json,29995,beccba26e896a3e294796a3f698674dbc26ddaefa1a6a75802bbcd683bafd70a,2,05378016
priority-followup-11,1,"""MIT Viersen besichtigt"" ""Christoph Hopp""",[],,long,web search tool,2026-10-05 14:58:57 UTC,tool request time recorded immediately before submission,outputs/nrw-close-pair-screen/priority-followup-11.json,32292,4ddb95b8719c2a277472dcafb318a8f752460a36068c0fc78debeb991fbe236d,11,05166032
priority-followup-11,2,"""Alf-Ingo Pickartz"" site:spd-uebach-palenberg.de",[],,long,web search tool,2026-10-05 14:58:57 UTC,tool request time recorded immediately before submission,outputs/nrw-close-pair-screen/priority-followup-11.json,32292,4ddb95b8719c2a277472dcafb318a8f752460a36068c0fc78debeb991fbe236d,12,05370028
priority-followup-11,3,"""Andreas Berger"" site:gruene-heiden.de",[],,long,web search tool,2026-10-05 14:58:57 UTC,tool request time recorded immediately before submission,outputs/nrw-close-pair-screen/priority-followup-11.json,32292,4ddb95b8719c2a277472dcafb318a8f752460a36068c0fc78debeb991fbe236d,5,05554028
priority-followup-11,4,"""Patrick Voßkamp"" ""2020"" site:heiden.de",[],,long,web search tool,2026-10-05 14:58:57 UTC,tool request time recorded immediately before submission,outputs/nrw-close-pair-screen/priority-followup-11.json,32292,4ddb95b8719c2a277472dcafb318a8f752460a36068c0fc78debeb991fbe236d,5,05554028
priority-followup-12,1,"""Christoph Hopp"" ""2020"" site:viersen.de",[],,long,web search tool,2026-10-05 15:01:02 UTC,tool request time recorded immediately before submission,outputs/nrw-close-pair-screen/priority-followup-12.json,30524,012c043d99399f386d69a352348c2bbeb3e00902d2e6587b8d87af539b64fdb6,11,05166032
priority-followup-12,2,"""Christoph Hopp"" ""2020"" site:evr-viersen.de",[],,long,web search tool,2026-10-05 15:01:02 UTC,tool request time recorded immediately before submission,outputs/nrw-close-pair-screen/priority-followup-12.json,30524,012c043d99399f386d69a352348c2bbeb3e00902d2e6587b8d87af539b64fdb6,11,05166032
priority-followup-12,3,"""Christoph Hopp"" ""2020"" site:cdu-kreisviersen.de",[],,long,web search tool,2026-10-05 15:01:02 UTC,tool request time recorded immediately before submission,outputs/nrw-close-pair-screen/priority-followup-12.json,30524,012c043d99399f386d69a352348c2bbeb3e00902d2e6587b8d87af539b64fdb6,11,05166032
priority-followup-12,4,"""Andreas Berger"" ""Heiden"" Bürgermeisterkandidat Einladung 2020",[],,long,web search tool,2026-10-05 15:01:02 UTC,tool request time recorded immediately before submission,outputs/nrw-close-pair-screen/priority-followup-12.json,30524,012c043d99399f386d69a352348c2bbeb3e00902d2e6587b8d87af539b64fdb6,5,05554028
priority-followup-13,1,"""Patrick Voßkamp"" ""2020"" ""er"" site:cdu-heiden.de",[],,long,web search tool,2026-10-05 15:02:54 UTC,tool request time recorded immediately before submission,outputs/nrw-close-pair-screen/priority-followup-13.json,33580,96cbaaca3f297ba0d38e3d211d5dc0b28708ef664bbc27d77a67f9938975425c,5,05554028
priority-followup-13,2,"""Andreas Berger"" ""2020"" ""er"" site:spd-heiden.de",[],,long,web search tool,2026-10-05 15:02:54 UTC,tool request time recorded immediately before submission,outputs/nrw-close-pair-screen/priority-followup-13.json,33580,96cbaaca3f297ba0d38e3d211d5dc0b28708ef664bbc27d77a67f9938975425c,5,05554028
priority-followup-13,3,"""Christoph Hopp"" ""2020"" ""er"" site:cdu-viersen-stadt.de",[],,long,web search tool,2026-10-05 15:02:54 UTC,tool request time recorded immediately before submission,outputs/nrw-close-pair-screen/priority-followup-13.json,33580,96cbaaca3f297ba0d38e3d211d5dc0b28708ef664bbc27d77a67f9938975425c,11,05166032
priority-followup-13,4,"""Alf-Ingo Pickartz"" ""2020"" ""Herr""",[],,long,web search tool,2026-10-05 15:02:54 UTC,tool request time recorded immediately before submission,outputs/nrw-close-pair-screen/priority-followup-13.json,33580,96cbaaca3f297ba0d38e3d211d5dc0b28708ef664bbc27d77a67f9938975425c,12,05370028
priority-followup-14,1,CDU Viersen Christoph Hopp Bürgermeister 2020 offizieller Stadtverband,[],,long,web search tool,2026-10-05 15:03:16 UTC,tool request time recorded immediately before submission,outputs/nrw-close-pair-screen/priority-followup-14.json,31002,2a78bcc3c5b46f0c85a55178444703b3ac97bd5243340bf0ead23db18d1ea83d,11,05166032
priority-followup-14,2,Christoph Hopp Nominierung CDU 2024 Sebastian Achten Er hat rund um 2020,[],,long,web search tool,2026-10-05 15:03:16 UTC,tool request time recorded immediately before submission,outputs/nrw-close-pair-screen/priority-followup-14.json,31002,2a78bcc3c5b46f0c85a55178444703b3ac97bd5243340bf0ead23db18d1ea83d,11,05166032
priority-followup-14,3,Patrick Voßkamp Bürgermeister 2020 Wiederwahl 2025 CDU Heiden Kandidat,[],,long,web search tool,2026-10-05 15:03:16 UTC,tool request time recorded immediately before submission,outputs/nrw-close-pair-screen/priority-followup-14.json,31002,2a78bcc3c5b46f0c85a55178444703b3ac97bd5243340bf0ead23db18d1ea83d,5,05554028
priority-followup-14,4,Andreas Berger Heiden Bürgermeister 2020 Grüne Kandidat,[],,long,web search tool,2026-10-05 15:03:16 UTC,tool request time recorded immediately before submission,outputs/nrw-close-pair-screen/priority-followup-14.json,31002,2a78bcc3c5b46f0c85a55178444703b3ac97bd5243340bf0ead23db18d1ea83d,5,05554028
priority-followup-15,1,"""Hopp"" ""2020"" site:evr-viersen.de",[],,long,web search tool,2026-10-05 15:06:43 UTC,tool request time recorded immediately before submission,outputs/nrw-close-pair-screen/priority-followup-15.json,30920,48bf3db179ece5aaa98b3858f60b93959a79a5c5cd1737569397a9c50f2d927b,11,05166032
priority-followup-15,2,"""Herr Hopp"" ""2020""",[],,long,web search tool,2026-10-05 15:06:43 UTC,tool request time recorded immediately before submission,outputs/nrw-close-pair-screen/priority-followup-15.json,30920,48bf3db179ece5aaa98b3858f60b93959a79a5c5cd1737569397a9c50f2d927b,11,05166032
priority-followup-15,3,"""Hopp"" ""2020"" site:viersen.de",[],,long,web search tool,2026-10-05 15:06:43 UTC,tool request time recorded immediately before submission,outputs/nrw-close-pair-screen/priority-followup-15.json,30920,48bf3db179ece5aaa98b3858f60b93959a79a5c5cd1737569397a9c50f2d927b,11,05166032
priority-followup-15,4,"""Voßkamp"" ""2020"" ""Herrn"" site:heiden.de",[],,long,web search tool,2026-10-05 15:06:43 UTC,tool request time recorded immediately before submission,outputs/nrw-close-pair-screen/priority-followup-15.json,30920,48bf3db179ece5aaa98b3858f60b93959a79a5c5cd1737569397a9c50f2d927b,5,05554028
