stage,scope,metric,value
ted,all,query_notice_count,115
ted,all,retained_direct_city_notices,55
ted,all,excluded_or_scope_review_notices,60
ted,all,main_treatment_assignments,0
ted,all,municipal_variant_or_beneficiary_scope_needs_review,40
ted,all,other_organization_outside_direct_city_pilot,19
ted,all,multiple_or_missing_german_buyer_labels,1
ted,05158032,retained_notices,4
ted,05158032,indexed_single_lot_awarded_tender_counts,0
ted,05158032,indexed_single_contract_dates,0
ted,05158032,field_presence:total-value,3
ted,05158032,field_presence:winner-name,0
ted,05158032,field_presence:contract-conclusion-date,0
ted,05158032,field_presence:green-procurement-criteria-lot,0
ted,05158032,field_presence:social-objective-lot,0
ted,05370012,retained_notices,15
ted,05370012,indexed_single_lot_awarded_tender_counts,0
ted,05370012,indexed_single_contract_dates,3
ted,05370012,field_presence:total-value,11
ted,05370012,field_presence:winner-name,5
ted,05370012,field_presence:contract-conclusion-date,4
ted,05370012,field_presence:green-procurement-criteria-lot,0
ted,05370012,field_presence:social-objective-lot,0
ted,05962024,retained_notices,36
ted,05962024,indexed_single_lot_awarded_tender_counts,0
ted,05962024,indexed_single_contract_dates,0
ted,05962024,field_presence:total-value,28
ted,05962024,field_presence:winner-name,0
ted,05962024,field_presence:contract-conclusion-date,0
ted,05962024,field_presence:green-procurement-criteria-lot,0
ted,05962024,field_presence:social-objective-lot,0
legacy,all,full_legacy_notices_reviewed,3
legacy,all,notices_with_awarded_units,2
legacy,all,notices_explicitly_not_awarded,1
legacy,all,awarded_units_with_contract_date_and_tender_count,2
legacy,all,actual_term_or_responsibility_assignments,0
official,all,candidate_title_observations,4
official,all,municipalities_with_title_evidence,3
official,all,decisive_pairs_with_both_mixed_official_titles,1
official,all,source_bounded_head_role_intervals,1
official,all,dated_notice_observations_within_head_role,4
official,all,main_treatment_or_procurement_responsibility_assignments,0
