response_batch_id,local_file,bytes,sha256,artifact_recorded_at_utc,query_capture
search1,outputs/nrw-close-pair-screen/search1.txt,29303,a9af1b2eed62291796949f5769c034f1ca3823625c53951f332bb6d5a181693a,2026-10-05T13:50:17.746077+00:00,initial queries mapped in search-log; supplemental query strings not fully captured in this public inventory
search2,outputs/nrw-close-pair-screen/search2.txt,29104,9eff30d15698ec89231a6c9e885b8f0945eb76d91a8f73787febbe5960251eac,2026-10-05T13:31:29.787938+00:00,initial queries mapped in search-log; supplemental query strings not fully captured in this public inventory
search3,outputs/nrw-close-pair-screen/search3.txt,30382,a78846740ce53436d518e3930bd39d0b3cd8f28cb6a7e5fd2d02e0c44bc65af9,2026-10-05T13:31:29.935940+00:00,initial queries mapped in search-log; supplemental query strings not fully captured in this public inventory
search4,outputs/nrw-close-pair-screen/search4.txt,27242,8e2ffc433985f6bfeab3ec94106f4a570a620c343d62360d8931423c57000c84,2026-10-05T13:31:30.075941+00:00,initial queries mapped in search-log; supplemental query strings not fully captured in this public inventory
search5,outputs/nrw-close-pair-screen/search5.txt,25491,c6328878f67872e389db9e8bce12f906a83425a6ae1e636e4b1c39f635fce590,2026-10-05T13:32:04.208238+00:00,initial queries mapped in search-log; supplemental query strings not fully captured in this public inventory
search6,outputs/nrw-close-pair-screen/search6.txt,31979,2bd0220966ec10608e5967630d1640c785c36c6abfa1b519e18f1423140f1217,2026-10-05T13:32:30.284464+00:00,initial queries mapped in search-log; supplemental query strings not fully captured in this public inventory
search7,outputs/nrw-close-pair-screen/search7.txt,28865,4ca18725604c695d29c72ad24e94b9c023c9864446a476a486b503551710f1a3,2026-10-05T13:33:10.524818+00:00,initial queries mapped in search-log; supplemental query strings not fully captured in this public inventory
search8,outputs/nrw-close-pair-screen/search8.txt,29575,93605d8be78c48c960304ed2a39ec5326626b280c024988fd85d69ce8f936736,2026-10-05T13:33:10.668819+00:00,initial queries mapped in search-log; supplemental query strings not fully captured in this public inventory
search9,outputs/nrw-close-pair-screen/search9.txt,25155,c7152c9c515557900290926711fe6a788d702d619a86844e5154371540879708,2026-10-05T13:33:10.800820+00:00,initial queries mapped in search-log; supplemental query strings not fully captured in this public inventory
search10,outputs/nrw-close-pair-screen/search10.txt,30300,aeadfeefadc277c74883c4aea3193da5eab975dbec3d423ac1ed50ddfe58e834,2026-10-05T13:33:51.017172+00:00,initial queries mapped in search-log; supplemental query strings not fully captured in this public inventory
search11,outputs/nrw-close-pair-screen/search11.txt,29675,bbad08a7f71deb44bb961bb732b2532e78a93207e47ad29ec1028b0acea74734,2026-10-05T13:33:51.149173+00:00,initial queries mapped in search-log; supplemental query strings not fully captured in this public inventory
search12,outputs/nrw-close-pair-screen/search12.txt,30617,22c5a85d991d63dc97151f4e14121a031db2b0e3535e4451c2e27dc3b898b56f,2026-10-05T13:33:51.293174+00:00,initial queries mapped in search-log; supplemental query strings not fully captured in this public inventory
search13,outputs/nrw-close-pair-screen/search13.txt,30554,fb1c3425567b3fe5e0a48bb8d3495da0d638dc0ba8e500acb0f98d0fe4cfaf01,2026-10-05T13:36:13.294528+00:00,initial queries mapped in search-log; supplemental query strings not fully captured in this public inventory
search14,outputs/nrw-close-pair-screen/search14.txt,29501,b39c6fec5981246275ce3fcd43819c376d148687572f5a344b6a9f046f953657,2026-10-05T13:36:13.430529+00:00,initial queries mapped in search-log; supplemental query strings not fully captured in this public inventory
search15,outputs/nrw-close-pair-screen/search15.txt,28741,a1b0cf5f72da8c727ec4ba288cfed8cc731c095d6ae09c46bf51e3a0c7ae0ff8,2026-10-05T13:36:13.566530+00:00,initial queries mapped in search-log; supplemental query strings not fully captured in this public inventory
search16,outputs/nrw-close-pair-screen/search16.txt,30379,72233f6628ac92492c2bf8371530be2a1504c617afe488f48f9e9c5932d69076,2026-10-05T13:36:13.734532+00:00,initial queries mapped in search-log; supplemental query strings not fully captured in this public inventory
search17,outputs/nrw-close-pair-screen/search17.txt,13830,93836d9f5c4ba38d14c132444aed3d39672bf776e2b99a8d79118d05a22e39f5,2026-10-05T13:37:41.711321+00:00,initial queries mapped in search-log; supplemental query strings not fully captured in this public inventory
search18,outputs/nrw-close-pair-screen/search18.txt,28126,738e4068d9582fc3b7af14da63000bcb87d38ed32be7cb8b7f1124ea9231ff75,2026-10-05T13:37:41.887323+00:00,initial queries mapped in search-log; supplemental query strings not fully captured in this public inventory
search19,outputs/nrw-close-pair-screen/search19.txt,30038,185f259d6d787b4201e1caeccc09f977ab612a0a74e724e6ad9e9dcc1fab115d,2026-10-05T13:37:42.027324+00:00,initial queries mapped in search-log; supplemental query strings not fully captured in this public inventory
search20,outputs/nrw-close-pair-screen/search20.txt,30573,6e1ee32a4cddbf1bc97948adf0ab5f2d1eaa2cbac77ccd83409de2c17a0bed4e,2026-10-05T13:37:42.171325+00:00,initial queries mapped in search-log; supplemental query strings not fully captured in this public inventory
search21,outputs/nrw-close-pair-screen/search21.txt,29070,53c26d7534c294e47a491397cefa3bb5f31a2b2f4138215becab4c053a9ef77e,2026-10-05T13:37:42.319327+00:00,initial queries mapped in search-log; supplemental query strings not fully captured in this public inventory
search22,outputs/nrw-close-pair-screen/search22.txt,29140,a7be1daeea22c94723736c319334557ef23780dd2f92ff4d84eae22613cc0574,2026-10-05T13:38:48.495935+00:00,initial queries mapped in search-log; supplemental query strings not fully captured in this public inventory
search23,outputs/nrw-close-pair-screen/search23.txt,28640,1687c48ec0655a141b50ca5bccb4f8d9dc27796201b05d845b7bec0aafe40f12,2026-10-05T13:38:48.651937+00:00,initial queries mapped in search-log; supplemental query strings not fully captured in this public inventory
search24,outputs/nrw-close-pair-screen/search24.txt,26820,4b9831625b74f3279e431df936dc0156a2262ada0c271089dc08f2a4c53a5041,2026-10-05T13:38:48.787938+00:00,initial queries mapped in search-log; supplemental query strings not fully captured in this public inventory
search25,outputs/nrw-close-pair-screen/search25.txt,29057,7b003171c23f4d5ebd13ded1d17e353bf4e5e42220a071ab7a3f110f60f74967,2026-10-05T13:41:24.101326+00:00,initial queries mapped in search-log; supplemental query strings not fully captured in this public inventory
search26,outputs/nrw-close-pair-screen/search26.txt,33199,0d25ce052af6b054e233403206bdc1eda505336f9e620a085849e6233b1edaad,2026-10-05T13:41:24.241327+00:00,initial queries mapped in search-log; supplemental query strings not fully captured in this public inventory
search27,outputs/nrw-close-pair-screen/search27.txt,30990,9332f1f225ed35c8160c4389febb18f99079c9676bdaac8e736a5aa338dbb9c4,2026-10-05T13:41:24.373328+00:00,initial queries mapped in search-log; supplemental query strings not fully captured in this public inventory
search28,outputs/nrw-close-pair-screen/search28.txt,28812,4fe1f40773fa06f823f351936c876aeadc0ce344dc99a875574a1540f2e8db51,2026-10-05T13:45:34.991596+00:00,initial queries mapped in search-log; supplemental query strings not fully captured in this public inventory
search29,outputs/nrw-close-pair-screen/search29.txt,28661,a630882d9c27c4d38251eecfc2af9d56592b02263d930d04bb36a3a7464ebc47,2026-10-05T13:47:29.832606+00:00,initial queries mapped in search-log; supplemental query strings not fully captured in this public inventory
search30,outputs/nrw-close-pair-screen/search30.txt,30061,0972c78b5da5401c8a6cd47272dd9a363c40b0c66f5864229b885c701d7cdf0b,2026-10-05T13:48:34.541178+00:00,initial queries mapped in search-log; supplemental query strings not fully captured in this public inventory
search31,outputs/nrw-close-pair-screen/search31.txt,28982,aad8160dcccea20196d73c25f485dc694ac57ff8783278c8d5255b29e59f9a38,2026-10-05T13:50:56.290408+00:00,initial queries mapped in search-log; supplemental query strings not fully captured in this public inventory
