artifact,bytes,sha256
docs/feasibility/baseline-source-hashes.csv,2162,3bd2d3d1e9d592c8aacba1ca53aa8e71a9e0f777dd07df31d00e925fe6662673
docs/feasibility/nrw-close-election-evidence-summary.csv,25254,78f912ede87e552c1427879c0fd8a7af9997023c2c6eb4c9faa80cd33a212d80
docs/feasibility/nrw-close-election-checkpoint.json,2988,0c051def2f6cca12d0022ed6dd2fde224d22e827cda3c3e230582f49de6857f2
docs/feasibility/candidate-exposure-codebook.md,8980,5458dd58e700142e475aee4d2628f42fc63710d9f18a365d6e92dfa7a84e965d
docs/feasibility/nrw-close-pair-source-manifest.csv,81163,86d3298b300f7a82a7c0506ac88fcd843043bfd7b22bc9fc82677462a80b43e9
data/interim/nrw-close-pair-screen/reviews.json,106624,3cdb2023744d653759c1db54b1f0b14a5f156f851c5dd0469275ec83f0c07e7f
outputs/nrw-election-register/events.json,821079,8dc0c0ccfd2986e3dc1e80ce662590bb2c6a7fca0c03e925b9139b63909c9237
outputs/nrw-procedure-scope/observations.json,72658,e42c9fbdbb4a5560ea32570921948351f81b1c196a9e43177e4e8a91362248b2
outputs/nrw-buyer-followup/records.json,1805952,e0410747ce66590c17a6801237dbbc47a59d222faa60e37fce8396ff5a466bd4
