stage,metric,value
buyer_scope,scope_queue_notices,51
buyer_scope,index_shared_fields_unchanged,17
buyer_scope,scope_cases_original_xml_reviewed,16
buyer_scope,new_retained_notices,12
buyer_scope,excluded_original_scope_cases,2
buyer_scope,remaining_scope_cases,37
buyer_scope,decision_counts.joint_authority_excluded,1
buyer_scope,decision_counts.city_head_title,1
buyer_scope,decision_counts.city_department,10
buyer_scope,decision_counts.represented_city,1
buyer_scope,decision_counts.county_authorities_excluded,1
buyer_scope,decision_counts.municipal_beneficiary_review_pending,2
buyer_scope,combined_retained_result_notices,237
buyer_scope,new_accepted_xml_result_units,12
buyer_scope,new_accepted_xml_result_statuses.selec-w,12
buyer_scope,new_dated_total_supported_units,5
buyer_scope,new_dated_total_distinct_notices,5
buyer_scope,new_dated_total_municipal_elections,2
buyer_scope,combined_observed_dated_total_units,123
buyer_scope,main_treatment_assignments,0
buyer_scope,deduplication_complete,false
phase_linkage,retained_result_notices,237
phase_linkage,original_result_xml_notices,69
phase_linkage,original_competition_xml_notices,59
phase_linkage,original_competition_distinct_guids,45
phase_linkage,competition_scope_counts.sole_city_buyer_aligned,55
phase_linkage,competition_scope_counts.outside_retained_city_scope_or_review,4
phase_linkage,retained_city_competition_groups,42
phase_linkage,correction_graph_statuses.documented_root_supported,39
phase_linkage,correction_graph_statuses.correction_graph_review_pending,3
phase_linkage,correction_graph_flags.multiple_or_missing_roots,3
phase_linkage,explicit_legacy_previous_competition_links,63
phase_linkage,explicit_eforms_previous_competition_links,2
phase_linkage,observed_dated_total_units,123
phase_linkage,observed_municipal_elections,6
phase_linkage,phase_timing_statuses.documented_chronology_supported,115
phase_linkage,phase_timing_statuses.competition_missing_or_review_pending,8
phase_linkage,phase_evidence_counts.original_result_pdf_reference_and_indexed_competition_metadata,88
phase_linkage,phase_evidence_counts.original_eforms_guid_and_correction_graph,27
phase_linkage,phase_evidence_counts.none,6
phase_linkage,phase_evidence_counts.original_result_xml_reference_and_indexed_competition_metadata,2
phase_linkage,competition_before_council_boundary_units,3
phase_linkage,competition_before_decisive_election_units,1
phase_linkage,contract_before_council_boundary_units,1
phase_linkage,main_treatment_assignments,0
phase_linkage,deduplication_complete,false
