publication_number,ags,previous_publication_number,previous_reference_source,candidate_competition_publication_number,candidate_competition_date,competition_publication_date_source,previous_buyer_names_source,phase_evidence,result_pdf_sha256,earliest_ever_publication_verified
100570-2023,05158032,572859-2021,Bekanntmachungsnummer im ABl.: 2021/S 218-572859,572859-2021,2021-11-10,2021-11-10+01:00,"[""Stadt Velbert""]",original_result_pdf_reference_and_indexed_competition_metadata,12aecf8ccc77a7c44f55779335d35f094c90dd6704d58fd6d2469fd83a2423b8,false
103107-2021,05962024,517850-2020,Bekanntmachungsnummer im ABl.: 2020/S 212-517850,517850-2020,2020-10-30,2020-10-30+01:00,"[""Stadt Iserlohn""]",original_result_pdf_reference_and_indexed_competition_metadata,db6d899b5948ebb952dcf66ac8103e4c00827a5bbd1d9604fd0c28e9f5129592,false
107193-2022,05962024,595253-2021,Bekanntmachungsnummer im ABl.: 2021/S 226-595253,595253-2021,2021-11-22,2021-11-22+01:00,"[""Stadt Iserlohn""]",original_result_pdf_reference_and_indexed_competition_metadata,de086a4d6a0d3251fb3ef57f318eb12f06be6a5d998c90bf398606b87291ab4a,false
108865-2022,05962024,558230-2021,Bekanntmachungsnummer im ABl.: 2021/S 212-558230,558230-2021,2021-11-02,2021-11-02+01:00,"[""Stadt Iserlohn""]",original_result_pdf_reference_and_indexed_competition_metadata,85d68dadebd40bb29fb669da2b94da0ffcbc260a4883a35950a5ca364080ea26,false
109750-2022,05962024,597752-2021,Bekanntmachungsnummer im ABl.: 2021/S 227-597752,597752-2021,2021-11-23,2021-11-23+01:00,"[""Stadt Iserlohn""]",original_result_pdf_reference_and_indexed_competition_metadata,007fdefb2372301e2c9de0ab825d78a28b321b1e7cc3a2f80ffaa9d5b2a3b632,false
131327-2021,05962024,279440-2020,Bekanntmachungsnummer im ABl.: 2020/S 115-279440,279440-2020,2020-06-16,2020-06-16+02:00,"[""Stadt Iserlohn - Kommunales Immobilienmanagement""]",original_result_pdf_reference_and_indexed_competition_metadata,0fabeeb8ab17891326eec4f24fe3dc48b3657bc23cf2e538801716e10f901775,false
133960-2021,05962024,124799-2021,Bekanntmachungsnummer im ABl.: 2021/S 050-124799,124799-2021,2021-03-12,2021-03-12+01:00,"[""Stadt Iserlohn""]",original_result_pdf_reference_and_indexed_competition_metadata,2c5c4f3060485ec5255a0f277d7eb35edb1a40a0d5cb57641b040c911c3e02f1,false
133968-2021,05962024,125047-2021,Bekanntmachungsnummer im ABl.: 2021/S 050-125047,125047-2021,2021-03-12,2021-03-12+01:00,"[""Stadt Iserlohn""]",original_result_pdf_reference_and_indexed_competition_metadata,33b4c7d4a76c60ea5b134116a8ebd499e677ecbe47b8ebaf08394729d3836ed5,false
143631-2021,05158032,539535-2020,Bekanntmachungsnummer im ABl.: 2020/S 220-539535,539535-2020,2020-11-11,2020-11-11+01:00,"[""Stadt Velbert vertreten durch die KoPart eG""]",original_result_pdf_reference_and_indexed_competition_metadata,88f77439afedea38b557aca9da1f2e53ef460bef1eebec9efcabdefd81401bac,false
151045-2022,05962024,515387-2021,Bekanntmachungsnummer im ABl.: 2021/S 198-515387,515387-2021,2021-10-12,2021-10-12+02:00,"[""Stadt Iserlohn""]",original_result_pdf_reference_and_indexed_competition_metadata,e4664a01d431bf950b513f0d256e6ed764840cf0f671e46721314a33286d0499,false
151563-2021,05962024,612827-2020,Bekanntmachungsnummer im ABl.: 2020/S 247-612827,612827-2020,2020-12-18,2020-12-18+01:00,"[""Stadt Iserlohn""]",original_result_pdf_reference_and_indexed_competition_metadata,d16265da09e47f7292437ceea34a08ebf167989743ed45efccfd97e7f76c6741,false
151670-2021,05962024,32388-2021,Bekanntmachungsnummer im ABl.: 2021/S 015-032388,32388-2021,2021-01-22,2021-01-22+01:00,"[""Stadt Iserlohn""]",original_result_pdf_reference_and_indexed_competition_metadata,a265111b5183bf32c2044c07f3d71f6844247da4b7b45924b860e4a12ae1e236,false
152900-2022,05962024,48081-2022,Bekanntmachungsnummer im ABl.: 2022/S 020-048081,48081-2022,2022-01-28,2022-01-28+01:00,"[""Stadt Iserlohn""]",original_result_pdf_reference_and_indexed_competition_metadata,2c66f8cb3a642322a70a7cd639f0c74eddbe31ffc93922b9e566c805e1e5f2a9,false
152901-2022,05962024,380578-2021,Bekanntmachungsnummer im ABl.: 2021/S 143-380578,380578-2021,2021-07-27,2021-07-27+02:00,"[""Stadt Iserlohn""]",original_result_pdf_reference_and_indexed_competition_metadata,fe04b9e53689db504752a18026b0c5726d887247433a6392bd9bac91d5a2e51c,false
194586-2023,05158032,686006-2022,Bekanntmachungsnummer im ABl.: 2022/S 238-686006,686006-2022,2022-12-09,2022-12-09+01:00,"[""Stadt Velbert, vertreten durch die KoPart eG""]",original_result_pdf_reference_and_indexed_competition_metadata,ead66c85d3b2bb2afd7a304eb2d169ece85b612bb6a4e04c1f3c508a39dd6209,false
196097-2022,05962024,367407-2021,Bekanntmachungsnummer im ABl.: 2021/S 138-367407,367407-2021,2021-07-20,2021-07-20+02:00,"[""Stadt Iserlohn""]",original_result_pdf_reference_and_indexed_competition_metadata,2a595b89f14a09af8907734b960200cca2ca407f5d0badb340e6290f032fb2a5,false
200526-2022,05158032,10968-2022,Bekanntmachungsnummer im ABl.: 2022/S 006-010968,10968-2022,2022-01-10,2022-01-10+01:00,"[""Stadt Velbert, Der Bürgermeister - Feuerwehr und Rettungsdienst""]",original_result_pdf_reference_and_indexed_competition_metadata,7eb89ad937e3b34a747cab7f424ec59bdfe39857581a60fd33f2280b331f6555,false
21732-2021,05962024,481715-2020,Bekanntmachungsnummer im ABl.: 2020/S 199-481715,481715-2020,2020-10-13,2020-10-13+02:00,"[""Stadt Iserlohn""]",original_result_pdf_reference_and_indexed_competition_metadata,dd3871e6a2484171e98d10e48c38ae42e3ed9fe5c42728a0a7a110fb7db6ad51,false
244394-2022,05158032,106808-2022,Bekanntmachungsnummer im ABl.: 2022/S 041-106808,106808-2022,2022-02-28,2022-02-28+01:00,"[""Stadt Velbert, Der Bürgermeister - Fachbereich Immobilienservice""]",original_result_pdf_reference_and_indexed_competition_metadata,1ca1251eac5fb61b5e1b6e849d92bef3f0979689d66abc92a9f1a05976c0bbb3,false
249478-2023,05962024,40067-2023,Bekanntmachungsnummer im ABl.: 2023/S 015-040067,40067-2023,2023-01-20,2023-01-20+01:00,"[""Stadt Iserlohn""]",original_result_pdf_reference_and_indexed_competition_metadata,6e605ce2835662606bb709c327c5620b81da6a898cb24a769f396263cb960fba,false
25385-2023,05158032,422800-2022,Bekanntmachungsnummer im ABl.: 2022/S 148-422800,422800-2022,2022-08-03,2022-08-03+02:00,"[""Stadt Velbert""]",original_result_pdf_reference_and_indexed_competition_metadata,bfd13e2b9896e2c0297e7bda1b99333dab1078f1120abab967d494cef1ebebf1,false
275886-2022,05158032,119630-2021,Bekanntmachungsnummer im ABl.: 2021/S 048-119630,119630-2021,2021-03-10,2021-03-10+01:00,"[""Stadt Velbert""]",original_result_pdf_reference_and_indexed_competition_metadata,a3e88ef4f705276dc4928b712558caf08327db6f9db9d176c8e710190cfb7d89,false
277333-2023,05962024,42158-2023,Bekanntmachungsnummer im ABl.: 2023/S 015-042158,42158-2023,2023-01-20,2023-01-20+01:00,"[""Stadt Iserlohn""]",original_result_pdf_reference_and_indexed_competition_metadata,7d24aa5969a0afa8d77e06f3e974fb00fd717e40b3452658207db0cc117f3807,false
293045-2022,05962024,137357-2022,Bekanntmachungsnummer im ABl.: 2022/S 053-137357,137357-2022,2022-03-16,2022-03-16+01:00,"[""Stadt Iserlohn""]",original_result_pdf_reference_and_indexed_competition_metadata,6fffb5a490edd5702d6c121732cc34b5d17c3e8ee9be0d001d78176a282de898,false
293810-2022,05962024,111945-2022,Bekanntmachungsnummer im ABl.: 2022/S 043-111945,111945-2022,2022-03-02,2022-03-02+01:00,"[""Stadt Iserlohn""]",original_result_pdf_reference_and_indexed_competition_metadata,a1ef4a67fd45c328e4e9cbd1efc303f0ca2c18a2acf8c24e3c00a508391eadcc,false
300783-2022,05370012,670386-2021,Bekanntmachungsnummer im ABl.: 2021/S 252-670386,670386-2021,2021-12-28,2021-12-28+01:00,"[""Stadt Geilenkirchen -Die Bürgermeisterin-""]",original_result_pdf_reference_and_indexed_competition_metadata,1983cd84c486d4b438dde3eb567ac043d9952f933b612df7ca05ad23d0990789,false
32965-2023,05962024,558781-2022,Bekanntmachungsnummer im ABl.: 2022/S 197-558781,558781-2022,2022-10-12,2022-10-12+02:00,"[""Stadt Iserlohn""]",original_result_pdf_reference_and_indexed_competition_metadata,5780959bc42fb5c4722052dda2d1d1f43f2320e84164be5f2a14f7972537b7ae,false
34286-2023,05962024,558716-2022,Bekanntmachungsnummer im ABl.: 2022/S 197-558716,558716-2022,2022-10-12,2022-10-12+02:00,"[""Stadt Iserlohn""]",original_result_pdf_reference_and_indexed_competition_metadata,7a78d42fd2331160f455a10458dccc62728a2171532825710d63aa7268ffa6f0,false
346787-2022,05158032,70848-2022,Bekanntmachungsnummer im ABl.: 2022/S 028-070848,70848-2022,2022-02-09,2022-02-09+01:00,"[""Stadt Velbert, vertreten durch die KoPart eG""]",original_result_pdf_reference_and_indexed_competition_metadata,867aa608df08de92464ffb43a8ccf1e079da3ea46ce7c77986b3a67909d89ed1,false
346788-2022,05158032,179575-2022,Bekanntmachungsnummer im ABl.: 2022/S 068-179575,179575-2022,2022-04-06,2022-04-06+02:00,"[""Stadt Velbert, vertreten durch die KoPart eG""]",original_result_pdf_reference_and_indexed_competition_metadata,1c40e3cc4a8903aa1601792459ef42f439c54def62401b0d4fb193ff67140960,false
346790-2022,05158032,60745-2022,Bekanntmachungsnummer im ABl.: 2022/S 025-060745,60745-2022,2022-02-04,2022-02-04+01:00,"[""Stadt Velbert, vertreten durch die KoPart eG""]",original_result_pdf_reference_and_indexed_competition_metadata,05e38a960559d9f87f536b4c8d4b975e39dab53f7f9d86bfb7be77981ec90104,false
347713-2021,05962024,166732-2021,Bekanntmachungsnummer im ABl.: 2021/S 065-166732,166732-2021,2021-04-02,2021-04-02+02:00,"[""Stadt Iserlohn""]",original_result_pdf_reference_and_indexed_competition_metadata,6a5cf82cc45015cf9e8c6baa32f56761471e32e9840c2e23943ef14f54ab4615,false
347771-2021,05962024,206145-2021,Bekanntmachungsnummer im ABl.: 2021/S 080-206145,206145-2021,2021-04-26,2021-04-26+02:00,"[""Stadt Iserlohn""]",original_result_pdf_reference_and_indexed_competition_metadata,afac95c24b5b18c131540c26a9a4dd91d341992adc1d3c2e4b7bfead3e27fe87,false
350569-2022,05962024,98641-2022,Bekanntmachungsnummer im ABl.: 2022/S 038-098641,98641-2022,2022-02-23,2022-02-23+01:00,"[""Stadt Iserlohn""]",original_result_pdf_reference_and_indexed_competition_metadata,3af42463be52f66ebbd7a67cdc6736e18eca16fe49c4956724f0bb3ba24baec6,false
359252-2022,05962024,95838-2022,Bekanntmachungsnummer im ABl.: 2022/S 037-095838,95838-2022,2022-02-22,2022-02-22+01:00,"[""Stadt Iserlohn""]",original_result_pdf_reference_and_indexed_competition_metadata,b23c4f1fc8e096f1a132b7d581f0153d88a56d6eb7c56d2440f7ce59fd19a4b7,false
368819-2022,05370012,165134-2022,Bekanntmachungsnummer im ABl.: 2022/S 063-165134,165134-2022,2022-03-30,2022-03-30+02:00,"[""Stadt Geilenkirchen -Die Bürgermeisterin-""]",original_result_pdf_reference_and_indexed_competition_metadata,c86a50bf5b3a190eb5cf512de4c62750b464695150021683bc44263e2cb243a1,false
370898-2022,05370012,109358-2022,Bekanntmachungsnummer im ABl.: 2022/S 042-109358,109358-2022,2022-03-01,2022-03-01+01:00,"[""Stadt Geilenkirchen""]",original_result_pdf_reference_and_indexed_competition_metadata,cf86659ba8f8fa98fd29e140d9c4f0590bc28c62650bdd65bf2c326075f5afb7,false
373198-2022,05962024,629831-2021,Bekanntmachungsnummer im ABl.: 2021/S 240-629831,629831-2021,2021-12-10,2021-12-10+01:00,"[""Stadt Iserlohn""]",original_result_pdf_reference_and_indexed_competition_metadata,c5e825eeebe8e7b7490683e743e7c8941a73d5aacd7ace2908d971b630d136cb,false
391720-2022,05158032,132181-2022,Bekanntmachungsnummer im ABl.: 2022/S 051-132181,132181-2022,2022-03-14,2022-03-14+01:00,"[""Stadt Velbert, vertreten durch die KoPart eG""]",original_result_pdf_reference_and_indexed_competition_metadata,28149a04fe6a710362163f2a62f9d60140e3ac311d95e7b554e30f37adcb98a0,false
398378-2023,05158032,136221-2023,Bekanntmachungsnummer im ABl.: 2023/S 046-136221,136221-2023,2023-03-06,2023-03-06+01:00,"[""Stadt Velbert -Der Bürgermeister - Fachabteilung Schulverwaltung""]",original_result_pdf_reference_and_indexed_competition_metadata,dbc63fbf33de6698433f8b8d6de1ff0b96f8be8a29d5c1949be1ff26c0914074,false
400779-2022,05370012,255891-2022,Bekanntmachungsnummer im ABl.: 2022/S 093-255891,255891-2022,2022-05-13,2022-05-13+02:00,"[""Stadt Geilenkirchen -Die Bürgermeisterin-""]",original_result_pdf_reference_and_indexed_competition_metadata,0e228f61557fec3caa019c14cdd326cd7355d4d66da77c4cb817652e169ca9e1,false
415814-2021,05962024,163671-2021,Bekanntmachungsnummer im ABl.: 2021/S 065-163671,163671-2021,2021-04-02,2021-04-02+02:00,"[""Stadt Iserlohn""]",original_result_pdf_reference_and_indexed_competition_metadata,d41b4d4cd2ffbb30260cadfe8ab8c2161d30b953f39a4850b5c58d667294ae0b,false
44116-2023,05158032,580945-2022,Bekanntmachungsnummer im ABl.: 2022/S 204-580945,580945-2022,2022-10-21,2022-10-21+02:00,"[""Stadt Velbert - 3.3 Stadterneuerung und Umwelt""]",original_result_pdf_reference_and_indexed_competition_metadata,bfa030ae7d196898b994b6c6034ad409ff09a439018b05167b2c42e94c75fb35,false
450685-2022,05962024,280011-2022,Bekanntmachungsnummer im ABl.: 2022/S 101-280011,280011-2022,2022-05-25,2022-05-25+02:00,"[""Stadt Iserlohn""]",original_result_pdf_reference_and_indexed_competition_metadata,0f623cee35a9ee6b4e1f7f26c77196afda35d6dd784a7bb9ddde8d39d8548aad,false
508027-2023,05962024,248573-2023,Bekanntmachungsnummer im ABl.: 2023/S 082-248573,248573-2023,2023-04-26,2023-04-26+02:00,"[""Stadt Iserlohn""]",original_result_pdf_reference_and_indexed_competition_metadata,83599768967d81a5e8560a4d5329bcb18929e8d464cf1dd48544c5c13f980533,false
508498-2021,05370012,341805-2021,Bekanntmachungsnummer im ABl.: 2021/S 129-341805,341805-2021,2021-07-07,2021-07-07+02:00,"[""Stadt Geilenkirchen, Die Bürgermeisterin – vertreten durch die ISPEX Consulting GmbH""]",original_result_pdf_reference_and_indexed_competition_metadata,8e0a7e54a76b2523fc75e13bd58f45272fe1e2c9b4f58c723257d2b7eaf14cab,false
510704-2021,05370012,374613-2021,Bekanntmachungsnummer im ABl.: 2021/S 141-374613,374613-2021,2021-07-23,2021-07-23+02:00,"[""Stadt Geilenkirchen – Die Bürgermeisterin""]",original_result_pdf_reference_and_indexed_competition_metadata,da1ee68494c1c6d58f677f2f94a030ebf00d804297cde5b42c917add896a5298,false
511041-2021,05370012,256201-2021,Bekanntmachungsnummer im ABl.: 2021/S 098-256201,256201-2021,2021-05-21,2021-05-21+02:00,"[""Stadt Geilenkirchen – Die Bürgermeisterin""]",original_result_pdf_reference_and_indexed_competition_metadata,cde6577cf6627b98665ff390792df07b70ba4f09cf6af9fe22e8a81c7d968a53,false
517018-2021,05370012,261525-2021,Bekanntmachungsnummer im ABl.: 2021/S 099-261525,261525-2021,2021-05-25,2021-05-25+02:00,"[""Stadt Geilenkirchen -Die Bürgermeisterin-""]",original_result_pdf_reference_and_indexed_competition_metadata,860c0533be49f406463e9f5f5c77f949a30c0c97e2f1f25b3f457d6220e406b2,false
565529-2023,05158032,531912-2021,Bekanntmachungsnummer im ABl.: 2021/S 204-531912,531912-2021,2021-10-20,2021-10-20+02:00,"[""Stadt Velbert""]",original_result_pdf_reference_and_indexed_competition_metadata,5d748140931f88acc38f016b9bfc5d23914c8b4389979bec443de9d4cc28a3a1,false
579253-2021,05370012,486709-2021,Bekanntmachungsnummer im ABl.: 2021/S 187-486709,486709-2021,2021-09-27,2021-09-27+02:00,"[""Stadt Geilenkirchen -Die Bürgermeisterin-""]",original_result_pdf_reference_and_indexed_competition_metadata,12ac6b9099e7c0700ef7892ebf47084544c1cdc26d35e5674d8762b5fa40a5b3,false
587436-2023,05158032,453480-2023,Bekanntmachungsnummer im ABl.: 2023/S 142-453480,453480-2023,2023-07-26,2023-07-26+02:00,"[""Stadt Velbert, der Bürgermeister - Abt. 1.3 Informationstechnik""]",original_result_pdf_reference_and_indexed_competition_metadata,6ea6fabfa54c4bf422c3b4ef04c55339938c4ff2876ee9a36d8f887993cad3cf,false
587512-2022,05962024,324622-2022,Bekanntmachungsnummer im ABl.: 2022/S 116-324622,324622-2022,2022-06-17,2022-06-17+02:00,"[""Stadt Iserlohn""]",original_result_pdf_reference_and_indexed_competition_metadata,65f4c41446f92ed553e18c345180b5c53697cc9f3ebac0b263f6a3bcbed8a087,false
587521-2023,05962024,411361-2023,Bekanntmachungsnummer im ABl.: 2023/S 129-411361,411361-2023,2023-07-07,2023-07-07+02:00,"[""Stadt Iserlohn""]",original_result_pdf_reference_and_indexed_competition_metadata,2e0b30d11e4a1486b9dfc837bfedf7e3a47a2c973dccf0bf74855e96bb0120dc,false
592004-2022,05962024,361706-2022,Bekanntmachungsnummer im ABl.: 2022/S 127-361706,361706-2022,2022-07-05,2022-07-05+02:00,"[""Stadt Iserlohn""]",original_result_pdf_reference_and_indexed_competition_metadata,42bbbef19e750e0854ffea9ff13827eee370d22bad8bb48d92b3a35fda702b8b,false
592007-2022,05962024,218604-2022,Bekanntmachungsnummer im ABl.: 2022/S 081-218604,218604-2022,2022-04-26,2022-04-26+02:00,"[""Stadt Iserlohn""]",original_result_pdf_reference_and_indexed_competition_metadata,94e533ee4dc8ebf1b4e7993bbf93099b62907ddc8005e240e03be89677d3a79d,false
606073-2023,05158032,386023-2023,Bekanntmachungsnummer im ABl.: 2023/S 122-386023,386023-2023,2023-06-28,2023-06-28+02:00,"[""Stadt Velbert, Der Bürgermeister -Fachbereich Immobilienservice-""]",original_result_pdf_reference_and_indexed_competition_metadata,596c0c77584937c8e7f734943813e7ba80a60820c5f4a7ca63c2254a42c6b6f5,false
607617-2023,05158032,416866-2023,Bekanntmachungsnummer im ABl.: 2023/S 131-416866,416866-2023,2023-07-11,2023-07-11+02:00,"[""Stadt Velbert, Der Bürgermeister - Immobilienservice""]",original_result_pdf_reference_and_indexed_competition_metadata,213006eb10f4474b5939f5f45d50f9c5075c600642bf94d642f48d67dbe1e235,false
630936-2022,05158032,393378-2022,Bekanntmachungsnummer im ABl.: 2022/S 138-393378,393378-2022,2022-07-20,2022-07-20+02:00,"[""Stadt Velbert, Der Bürgermeister - Fachbereich Immobilienservice""]",original_result_pdf_reference_and_indexed_competition_metadata,c706deb927f18b92190e4b4b9e797549ff14a00866095f3216e922a0673a6524,false
635808-2023,05158032,438022-2023,Bekanntmachungsnummer im ABl.: 2023/S 137-438022,438022-2023,2023-07-19,2023-07-19+02:00,"[""Stadt Velbert, Der Bürgermeister - 1.4.2 Feuerwehr-Rettungsdienst""]",original_result_pdf_reference_and_indexed_competition_metadata,bebec8dc10ddab49d4a2d0fc4a21f7b317d40485c753268c7b708ec88415d904,false
670383-2022,05158032,500469-2022,Bekanntmachungsnummer im ABl.: 2022/S 177-500469,500469-2022,2022-09-14,2022-09-14+02:00,"[""Stadt Velbert, vertreten durch die KoPart eG""]",original_result_pdf_reference_and_indexed_competition_metadata,6aad68ed8d5eb810e093abe351f9d0c7d5222e9aca89c25d2bc4e03accbf573d,false
6998-2023,05370012,494912-2022,Bekanntmachungsnummer im ABl.: 2022/S 175-494912,494912-2022,2022-09-12,2022-09-12+02:00,"[""Stadt Geilenkirchen -Die Bürgermeisterin-""]",original_result_pdf_reference_and_indexed_competition_metadata,afae7b3fbd8b7ef5cd65b1f7cca053c3cc59dcb8431e0bb92f7b79fb3dbf4597,false
74979-2022,05370012,504783-2021,Bekanntmachungsnummer im ABl.: 2021/S 194-504783,504783-2021,2021-10-06,2021-10-06+02:00,"[""Stadt Geilenkirchen -Die Bürgermeisterin-""]",original_result_pdf_reference_and_indexed_competition_metadata,e6513a103ca503fb0cce3b09874ea9300f007e68a4f6ef56ee5550081c11a2d9,false
