section,measure,value
indexed_acquisition,query_notices,464
indexed_acquisition,strict_retained_notices,133
indexed_acquisition,review_or_excluded_notices,331
indexed_acquisition,reason_counts:other_organization_outside_direct_municipal_pilot,280
indexed_acquisition,reason_counts:municipal_variant_or_represented_scope_review,49
indexed_acquisition,reason_counts:multiple_or_missing_buyer_labels_review,2
indexed_acquisition,municipality_notice_counts:05166032,80
indexed_acquisition,municipality_notice_counts:05362024,19
indexed_acquisition,municipality_notice_counts:05366040,1
indexed_acquisition,municipality_notice_counts:05570040,0
indexed_acquisition,municipality_notice_counts:05962060,8
indexed_acquisition,municipality_notice_counts:05978036,25
indexed_acquisition,municipal_election_events_selected,6
indexed_acquisition,municipal_election_events_with_strict_notices,5
indexed_acquisition,indexed_notices_with_strict_total_tenders,0
indexed_acquisition,indexed_notices_with_single_awarded_contract_date,5
indexed_acquisition,combined_distinct_retained_indexed_notices,225
indexed_acquisition,scope_complete,False
indexed_acquisition,main_treatment_or_responsibility_assignments,0
primary_evidence,new_primary_candidate_observations,5
primary_evidence,combined_primary_candidate_observations,11
primary_evidence,pairs_with_both_mixed_primary_presentations,5
primary_evidence,new_dated_party_observations,2
primary_evidence,new_dated_official_title_observations,1
primary_evidence,new_current_official_person_observations,2
primary_evidence,named_official_successor_entry_statements,1
primary_evidence,main_treatment_or_responsibility_assignments,0
full_text_extension,new_accepted_pdfs,0
combined_acquisition,independent_events_with_retained_notices,8
original_full_text_cohort,dated_award_units_with_total_tenders,106
