publication_number,decision,ags,buyer_names_json,scope_quote_path,scope_quote,beneficiary_quote_path,beneficiary_quote,xml_file,xml_sha256,source_archive,note
345414-2024,city_department,05978036,"[""Kreisstadt Unna - Zentrale Vergabestelle""]",contracting_party_name,Kreisstadt Unna - Zentrale Vergabestelle,,,8e3ffa8c-67fa-4c38-9dcc-64e743fa26f2-01.xml,24ee0ab446779b4630e2818ed479636e58d1a0608f36a29f6c7e0f7dfeb95929,2024-06-eforms.zip,Sole original municipal contracting party; no other named beneficiary found in reviewed project sections.
374488-2024,city_department,05978036,"[""Kreisstadt Unna - Zentrale Vergabestelle""]",contracting_party_name,Kreisstadt Unna - Zentrale Vergabestelle,,,f4d6d9cb-0dee-4fe2-ad6a-63048747298a-01.xml,d82fce8db9024637f9b4825fc4f7448047616c459e57ba234f1a0f018e3cab7c,2024-06-eforms.zip,Sole original municipal contracting party; no other named beneficiary found in reviewed project sections.
513282-2024,city_department,05978036,"[""Kreisstadt Unna - Zentrale Vergabestelle""]",contracting_party_name,Kreisstadt Unna - Zentrale Vergabestelle,,,590e407b-eaee-40b1-a968-a17981235735-01.xml,255f5e9dd00daaece4805dcfd946fa9f5bdb7340f8ebd9d650aaba03fb4bff5d,2024-08-eforms.zip,Sole original municipal contracting party; no other named beneficiary found in reviewed project sections.
513614-2024,city_department,05978036,"[""Kreisstadt Unna - Zentrale Vergabestelle""]",contracting_party_name,Kreisstadt Unna - Zentrale Vergabestelle,,,c4552c26-93a6-4f2d-b3eb-4d80c9d23119-01.xml,78b57f1545f3dffc2987cd2222056e5dad9dfe262cd8962c28bb1288805e837a,2024-08-eforms.zip,Sole original municipal contracting party; no other named beneficiary found in reviewed project sections.
519951-2024,represented_city,05962060,"[""Stadt Werdohl, vertreten durch KUBUS Kommunalberatung und Service GmbH""]",contracting_party_name,"Stadt Werdohl, vertreten durch KUBUS Kommunalberatung und Service GmbH",cac:ProcurementProject/cbc:Description,"Lieferung von Erdgas für die Abnahmestellen der Stadt Werdohl,",ef6b9bc0-a449-4d0a-8d0b-eaced1a40543-01.xml,dc15da4e4199c7fa6c19c9dbc2698fd62642160b3b838b5f369e4431fd0d879c,2024-08-eforms.zip,Single represented municipal buyer and explicit city gas-supply beneficiary.
543838-2024,city_department,05978036,"[""Kreisstadt Unna - Zentrale Vergabestelle""]",contracting_party_name,Kreisstadt Unna - Zentrale Vergabestelle,,,d3fc68af-649f-429e-b8ec-c05e3d9daf36-01.xml,a514da531541c073ba8782a813775811c4ad3cc2b06ab9239c7dde6b1d79efe0,2024-09-eforms.zip,Sole original municipal contracting party; no other named beneficiary found in reviewed project sections.
586600-2024,county_authorities_excluded,,"[""Kreis Unna - Der Landrat"", ""Ennepe-Ruhr-Kreis"", ""Märkischer Kreis"", ""Kreis Olpe"", ""Kreis Siegen-Wittgenstein"", ""Kreis Soest""]",cac:ProcurementProject/cbc:Description,Herstellung und Lieferung von Kfz-Zulassungsdokumenten und -Plaketten,,,d03500dc-7ca3-4617-b5a2-05aff8051e76-01.xml,39e968882f2cdf49f7e790faa73625cab6eca3c57112401e137686a860715e5e,2024-09-eforms.zip,Six county contracting parties; Kreis Unna is distinct from Kreisstadt Unna.
610665-2024,city_department,05978036,"[""Kreisstadt Unna - Zentrale Vergabestelle""]",contracting_party_name,Kreisstadt Unna - Zentrale Vergabestelle,,,973696c6-d44a-45eb-922d-483ccb73d1ee-01.xml,09d3485fc3a7f901ef1691b6243189be1d0efe3d4c83b69a7beb8b6783bda435,2024-10-eforms.zip,Sole original municipal contracting party; no other named beneficiary found in reviewed project sections.
625891-2024,municipal_beneficiary_review_pending,,"[""Kreisstadt Unna - Zentrale Vergabestelle""]",.//cac:RealizedLocation/cac:Address/cbc:StreetName,Stadtbetriebe Unna,,,b2222250-0467-4ea7-b00b-0a21751bbcbf-01.xml,3673944e8fa46a58db124e8b031c42799425aacba17b1f2607d2e8a3e2b24d70,2024-10-eforms.zip,Operating-unit name occurs in performance address; this does not establish the legal purchaser or beneficiary. Preserve pending scope.
657189-2024,city_department,05978036,"[""Kreisstadt Unna - Zentrale Vergabestelle""]",contracting_party_name,Kreisstadt Unna - Zentrale Vergabestelle,,,422374ab-7b8e-4fa7-94fe-09e489808d6c-01.xml,0db13c9c8905a5407fe7cc2a9066cd8d24160f6a923036952d812e865c106add,2024-10-eforms.zip,Sole original municipal contracting party; no other named beneficiary found in reviewed project sections.
677963-2024,municipal_beneficiary_review_pending,,"[""Kreisstadt Unna - Zentrale Vergabestelle""]",.//cac:RealizedLocation/cac:Address/cbc:StreetName,Kreisstadt Unna Stadtbetriebe Unna,,,579c2483-1371-48b5-bf9a-3153c412ea72-01.xml,7580f84c684afb2376ccace87022e0e32252d427f0de33b4815fa3eba1015c5c,2024-11-eforms.zip,Operating-unit name occurs in performance address; this does not establish the legal purchaser or beneficiary. Preserve pending scope.
719148-2024,city_department,05978036,"[""Kreisstadt Unna - Zentrale Vergabestelle""]",contracting_party_name,Kreisstadt Unna - Zentrale Vergabestelle,,,cfbaa4b2-8715-4714-8ec9-356c0cdad9ce-01.xml,6df4e77ebe2020542ee816aacce54f9d2268f030f589d9ddb3f79a35d4e860b6,2024-11-eforms.zip,Sole original municipal contracting party; no other named beneficiary found in reviewed project sections.
724813-2023,joint_authority_excluded,,"[""Rhein-Erft-Kreis"", ""Stadt Frechen""]",cac:ProcurementProject/cbc:Description,an die von den Auftraggebern benannten Abnahmestellen,,,404781db-c30b-4374-9586-96409d9e3fda-01.xml,3e9afc605400935885db9efc5512c9a1a9d89fa3d1b7210d04b0ff6c2e5d9553,2023-11-eforms.zip,Joint county/city electricity procurement; no municipality-specific lot allocation for this pilot.
734448-2023,city_head_title,05978036,"[""Kreisstadt Unna\nDer Bürgermeister""]",contracting_party_name,Kreisstadt Unna Der Bürgermeister,,,fa205f74-4d6c-4309-94b0-1197566d87ef-01.xml,945bc7f700d78238a3411f899799685a07694878a9897b7408c595aa3eb3739d,2023-12-eforms.zip,Sole original municipal contracting party; no other named beneficiary found in reviewed project sections.
740622-2024,city_department,05978036,"[""Kreisstadt Unna - Zentrale Vergabestelle""]",contracting_party_name,Kreisstadt Unna - Zentrale Vergabestelle,,,aa28a4f8-4f6d-485d-aab0-2718959192aa-01.xml,ff04c712d2492148f755766feab535e60a93e4b3350aeff5904748222d23fa8f,2024-12-eforms.zip,Sole original municipal contracting party; no other named beneficiary found in reviewed project sections.
749858-2024,city_department,05978036,"[""Kreisstadt Unna - Zentrale Vergabestelle""]",contracting_party_name,Kreisstadt Unna - Zentrale Vergabestelle,,,1484a9b5-6c90-4864-9972-85d454e951f5-01.xml,43d668468857a120051b97f7d928226ccc97e3fa15b0513a67203ecb647695eb,2024-12-eforms.zip,Sole original municipal contracting party; no other named beneficiary found in reviewed project sections.
