publication_number,id,url,sha256,bytes,retrieved_at_utc
131327-2021,ted-131327-2021,https://ted.europa.eu/de/notice/131327-2021/pdf,0fabeeb8ab17891326eec4f24fe3dc48b3657bc23cf2e538801716e10f901775,123399,2026-10-03T21:15:30.483993+00:00
143631-2021,ted-143631-2021,https://ted.europa.eu/de/notice/143631-2021/pdf,88f77439afedea38b557aca9da1f2e53ef460bef1eebec9efcabdefd81401bac,136084,2026-10-03T21:15:30.960428+00:00
321058-2021,ted-321058-2021,https://ted.europa.eu/de/notice/321058-2021/pdf,f78d9ae36c8cefe9d5ca748d73d377a674b205cdbe45a7c19549951ab7b9225f,126786,2026-10-03T21:15:30.821674+00:00
508498-2021,ted-508498-2021,https://ted.europa.eu/de/notice/508498-2021/pdf,8e0a7e54a76b2523fc75e13bd58f45272fe1e2c9b4f58c723257d2b7eaf14cab,115508,2026-10-03T21:15:31.103623+00:00
200526-2022,ted-200526-2022,https://ted.europa.eu/de/notice/200526-2022/pdf,7eb89ad937e3b34a747cab7f424ec59bdfe39857581a60fd33f2280b331f6555,108508,2026-10-03T21:15:30.968115+00:00
244394-2022,ted-244394-2022,https://ted.europa.eu/de/notice/244394-2022/pdf,1ca1251eac5fb61b5e1b6e849d92bef3f0979689d66abc92a9f1a05976c0bbb3,109661,2026-10-03T21:15:30.952130+00:00
346787-2022,ted-346787-2022,https://ted.europa.eu/de/notice/346787-2022/pdf,867aa608df08de92464ffb43a8ccf1e079da3ea46ce7c77986b3a67909d89ed1,153809,2026-10-03T21:15:31.340702+00:00
346788-2022,ted-346788-2022,https://ted.europa.eu/de/notice/346788-2022/pdf,1c40e3cc4a8903aa1601792459ef42f439c54def62401b0d4fb193ff67140960,136142,2026-10-03T21:15:32.565350+00:00
346790-2022,ted-346790-2022,https://ted.europa.eu/de/notice/346790-2022/pdf,05e38a960559d9f87f536b4c8d4b975e39dab53f7f9d86bfb7be77981ec90104,134842,2026-10-03T21:15:32.788595+00:00
391720-2022,ted-391720-2022,https://ted.europa.eu/de/notice/391720-2022/pdf,28149a04fe6a710362163f2a62f9d60140e3ac311d95e7b554e30f37adcb98a0,114302,2026-10-03T21:15:32.376825+00:00
630936-2022,ted-630936-2022,https://ted.europa.eu/de/notice/630936-2022/pdf,c706deb927f18b92190e4b4b9e797549ff14a00866095f3216e922a0673a6524,107811,2026-10-03T21:15:32.749770+00:00
670383-2022,ted-670383-2022,https://ted.europa.eu/de/notice/670383-2022/pdf,6aad68ed8d5eb810e093abe351f9d0c7d5222e9aca89c25d2bc4e03accbf573d,114673,2026-10-03T21:15:32.852336+00:00
44116-2023,ted-44116-2023,https://ted.europa.eu/de/notice/44116-2023/pdf,bfa030ae7d196898b994b6c6034ad409ff09a439018b05167b2c42e94c75fb35,109674,2026-10-03T21:15:32.602883+00:00
194586-2023,ted-194586-2023,https://ted.europa.eu/de/notice/194586-2023/pdf,ead66c85d3b2bb2afd7a304eb2d169ece85b612bb6a4e04c1f3c508a39dd6209,165532,2026-10-03T21:15:34.288025+00:00
247575-2023,ted-247575-2023,https://ted.europa.eu/de/notice/247575-2023/pdf,8676ada6a1bc12bf81d161d390a713a3fe7a2e915fd4c4c22f8fa2da4ac38857,127176,2026-10-03T21:15:33.849952+00:00
249146-2023,ted-249146-2023,https://ted.europa.eu/de/notice/249146-2023/pdf,261d5f7b73398b4106c99c9362f2b673b813175d7ee9ecd4a9de9d5271f20586,126405,2026-10-03T21:15:33.550147+00:00
398378-2023,ted-398378-2023,https://ted.europa.eu/de/notice/398378-2023/pdf,dbc63fbf33de6698433f8b8d6de1ff0b96f8be8a29d5c1949be1ff26c0914074,188289,2026-10-03T21:15:34.196944+00:00
587436-2023,ted-587436-2023,https://ted.europa.eu/de/notice/587436-2023/pdf,6ea6fabfa54c4bf422c3b4ef04c55339938c4ff2876ee9a36d8f887993cad3cf,108170,2026-10-03T21:15:34.122579+00:00
606073-2023,ted-606073-2023,https://ted.europa.eu/de/notice/606073-2023/pdf,596c0c77584937c8e7f734943813e7ba80a60820c5f4a7ca63c2254a42c6b6f5,108859,2026-10-03T21:15:33.621721+00:00
607617-2023,ted-607617-2023,https://ted.europa.eu/de/notice/607617-2023/pdf,213006eb10f4474b5939f5f45d50f9c5075c600642bf94d642f48d67dbe1e235,109289,2026-10-03T21:15:35.130919+00:00
635808-2023,ted-635808-2023,https://ted.europa.eu/de/notice/635808-2023/pdf,bebec8dc10ddab49d4a2d0fc4a21f7b317d40485c753268c7b708ec88415d904,106368,2026-10-03T21:15:34.442968+00:00
707371-2023,ted-707371-2023,https://ted.europa.eu/de/notice/707371-2023/pdf,a9d6321e80625dd2765ba84531d937a3efa163952f1e733d6a6b4707ff732da9,165455,2026-10-03T21:15:34.426693+00:00
10998-2024,ted-10998-2024,https://ted.europa.eu/de/notice/10998-2024/pdf,b7818052562e390b91090a07f4604aeb3f69a34d9626ebf82108cffc168b87d9,127466,2026-10-03T21:15:34.781345+00:00
17130-2024,ted-17130-2024,https://ted.europa.eu/de/notice/17130-2024/pdf,6dc3575037192f66b851b9de7848f4e6db843477adb2bd4adba26bba2be7c763,132214,2026-10-03T21:15:34.967184+00:00
126218-2024,ted-126218-2024,https://ted.europa.eu/de/notice/126218-2024/pdf,5bbe2b0822570ebfceef41f8c7bcd34fbfe19a02f7cec60c66ee6d346c101b9f,138308,2026-10-03T21:15:35.031249+00:00
188186-2024,ted-188186-2024,https://ted.europa.eu/de/notice/188186-2024/pdf,485d78702587e18903a0b912bbe4e01fb2a38457a8a62d0065d7edcba078eb57,133596,2026-10-03T21:15:35.181683+00:00
251250-2024,ted-251250-2024,https://ted.europa.eu/de/notice/251250-2024/pdf,40d8342cdc18773d77e9b045d2e74c3051f29996692b7b89a23b9b005b3b3d74,116395,2026-10-03T21:15:35.432339+00:00
254083-2024,ted-254083-2024,https://ted.europa.eu/de/notice/254083-2024/pdf,3c1f259b9e419409fe3c9044c742295bbd35d8c951c15d37f3ac3f5d27727ecd,148669,2026-10-03T21:15:36.258125+00:00
258948-2024,ted-258948-2024,https://ted.europa.eu/de/notice/258948-2024/pdf,e818a45f8d5058451dc6825d972dc3477fb4c26b86abb7f9f33494b58b4d3d01,129394,2026-10-03T21:15:35.812690+00:00
383504-2024,ted-383504-2024,https://ted.europa.eu/de/notice/383504-2024/pdf,095bfaa53947f71296320be76556df474ad468775d1e850dd463cb0f1f626575,133898,2026-10-03T21:15:35.746484+00:00
387616-2024,ted-387616-2024,https://ted.europa.eu/de/notice/387616-2024/pdf,297475f83117bcd764e6cf9c9bc49f666d2e51d1c976523f9a758d4334c43c71,142437,2026-10-03T21:15:36.804839+00:00
401524-2024,ted-401524-2024,https://ted.europa.eu/de/notice/401524-2024/pdf,d2ee39440ed7a6ad9e9f43f5225a6b48230c614a56cad06efcebbfd54af14e72,156304,2026-10-03T21:15:36.785157+00:00
469602-2024,ted-469602-2024,https://ted.europa.eu/de/notice/469602-2024/pdf,1243198f9a9171599c1075eb45bca705822fb3fe2fddd4e81dc355b92dae96fb,131488,2026-10-03T21:15:36.212853+00:00
470373-2024,ted-470373-2024,https://ted.europa.eu/de/notice/470373-2024/pdf,7e13b757f33c3004a802d0df258012a82b956dbeebe415f45dda2b1d9cf09459,128390,2026-10-03T21:15:36.669090+00:00
495897-2024,ted-495897-2024,https://ted.europa.eu/de/notice/495897-2024/pdf,fccd712ba52bf2fad9413144d95267bd871513873a1527fabfa38a191b32d543,129890,2026-10-03T21:15:36.961355+00:00
538053-2024,ted-538053-2024,https://ted.europa.eu/de/notice/538053-2024/pdf,8c3e3c70d1cae2edc0f434715b167c9df058926b60ee1216b0ea264b0e4c04cb,128928,2026-10-03T21:18:38.897692+00:00
539469-2024,ted-539469-2024,https://ted.europa.eu/de/notice/539469-2024/pdf,df17d764e54c74a507f96d1b227c3fd6b0a9685dc61732bda09def2a02891069,129437,2026-10-03T21:15:37.411932+00:00
586949-2024,ted-586949-2024,https://ted.europa.eu/de/notice/586949-2024/pdf,b25ee732a9aa79cfa83a2cfffd77f4dfa2f0cdb944906bad69da38717b02c4c6,130968,2026-10-03T21:15:37.527079+00:00
726107-2024,ted-726107-2024,https://ted.europa.eu/de/notice/726107-2024/pdf,c5364b8ff6c3e0b5b4582a92ea458ea1891f4547518e71dfac67a49acd317a38,129206,2026-10-03T21:15:37.751556+00:00
786759-2024,ted-786759-2024,https://ted.europa.eu/de/notice/786759-2024/pdf,81d404bc354605396d682770d5e86d3a0d12dad8b9d7169c13993ea038007b19,152303,2026-10-03T21:15:38.486660+00:00
788767-2024,ted-788767-2024,https://ted.europa.eu/de/notice/788767-2024/pdf,20b88c8caad49bcde559f0164b138e4583eb64fc9ab07e8dc94a23a68eb72f87,133879,2026-10-03T21:15:38.442680+00:00
511041-2021,ted-511041-2021,https://ted.europa.eu/de/notice/511041-2021/pdf,cde6577cf6627b98665ff390792df07b70ba4f09cf6af9fe22e8a81c7d968a53,155297,2026-10-03T21:15:38.736021+00:00
517018-2021,ted-517018-2021,https://ted.europa.eu/de/notice/517018-2021/pdf,860c0533be49f406463e9f5f5c77f949a30c0c97e2f1f25b3f457d6220e406b2,125384,2026-10-03T21:15:38.221433+00:00
579253-2021,ted-579253-2021,https://ted.europa.eu/de/notice/579253-2021/pdf,12ac6b9099e7c0700ef7892ebf47084544c1cdc26d35e5674d8762b5fa40a5b3,111066,2026-10-03T21:15:39.137218+00:00
370898-2022,ted-370898-2022,https://ted.europa.eu/de/notice/370898-2022/pdf,cf86659ba8f8fa98fd29e140d9c4f0590bc28c62650bdd65bf2c326075f5afb7,160995,2026-10-03T21:15:38.452443+00:00
133960-2021,ted-133960-2021,https://ted.europa.eu/de/notice/133960-2021/pdf,2c5c4f3060485ec5255a0f277d7eb35edb1a40a0d5cb57641b040c911c3e02f1,110071,2026-10-03T21:15:38.911111+00:00
133968-2021,ted-133968-2021,https://ted.europa.eu/de/notice/133968-2021/pdf,33b4c7d4a76c60ea5b134116a8ebd499e677ecbe47b8ebaf08394729d3836ed5,112253,2026-10-03T21:15:39.201389+00:00
21732-2021,ted-21732-2021,https://ted.europa.eu/de/notice/21732-2021/pdf,dd3871e6a2484171e98d10e48c38ae42e3ed9fe5c42728a0a7a110fb7db6ad51,123169,2026-10-03T20:47:23.631915+00:00
510704-2021,ted-510704-2021,https://ted.europa.eu/de/notice/510704-2021/pdf,da1ee68494c1c6d58f677f2f94a030ebf00d804297cde5b42c917add896a5298,122582,2026-10-03T20:47:23.262521+00:00
565529-2023,ted-565529-2023,https://ted.europa.eu/de/notice/565529-2023/pdf,5d748140931f88acc38f016b9bfc5d23914c8b4389979bec443de9d4cc28a3a1,114366,2026-10-03T20:47:23.411490+00:00
