scenario,per_test_alpha,assumed_municipal_outcome_sd_pp,hypothetical_effect_pp,gaussian_t_power,interpretation
confirmed_within_2pp,0.05,5,5,0.08410705589538943,"Assumption-based effect/variance grid; not substantive thresholds, effect estimates or RDD power."
confirmed_within_2pp,0.05,5,10,0.17925539377555189,"Assumption-based effect/variance grid; not substantive thresholds, effect estimates or RDD power."
confirmed_within_2pp,0.05,5,20,0.47074943127743507,"Assumption-based effect/variance grid; not substantive thresholds, effect estimates or RDD power."
confirmed_within_2pp,0.05,10,5,0.058644027656648584,"Assumption-based effect/variance grid; not substantive thresholds, effect estimates or RDD power."
confirmed_within_2pp,0.05,10,10,0.08410705589538943,"Assumption-based effect/variance grid; not substantive thresholds, effect estimates or RDD power."
confirmed_within_2pp,0.05,10,20,0.17925539377555189,"Assumption-based effect/variance grid; not substantive thresholds, effect estimates or RDD power."
confirmed_within_2pp,0.05,20,5,0.052168419903738106,"Assumption-based effect/variance grid; not substantive thresholds, effect estimates or RDD power."
confirmed_within_2pp,0.05,20,10,0.058644027656648584,"Assumption-based effect/variance grid; not substantive thresholds, effect estimates or RDD power."
confirmed_within_2pp,0.05,20,20,0.08410705589538943,"Assumption-based effect/variance grid; not substantive thresholds, effect estimates or RDD power."
confirmed_within_2pp,0.025,5,5,0.04288663228520943,"Assumption-based effect/variance grid; not substantive thresholds, effect estimates or RDD power."
confirmed_within_2pp,0.025,5,10,0.09460168766665839,"Assumption-based effect/variance grid; not substantive thresholds, effect estimates or RDD power."
confirmed_within_2pp,0.025,5,20,0.27498853320451927,"Assumption-based effect/variance grid; not substantive thresholds, effect estimates or RDD power."
confirmed_within_2pp,0.025,10,5,0.029502754139403807,"Assumption-based effect/variance grid; not substantive thresholds, effect estimates or RDD power."
confirmed_within_2pp,0.025,10,10,0.04288663228520943,"Assumption-based effect/variance grid; not substantive thresholds, effect estimates or RDD power."
confirmed_within_2pp,0.025,10,20,0.09460168766665839,"Assumption-based effect/variance grid; not substantive thresholds, effect estimates or RDD power."
confirmed_within_2pp,0.025,20,5,0.026127643302203185,"Assumption-based effect/variance grid; not substantive thresholds, effect estimates or RDD power."
confirmed_within_2pp,0.025,20,10,0.029502754139403807,"Assumption-based effect/variance grid; not substantive thresholds, effect estimates or RDD power."
confirmed_within_2pp,0.025,20,20,0.04288663228520943,"Assumption-based effect/variance grid; not substantive thresholds, effect estimates or RDD power."
optimistic_all_unknowns_mixed_within_2pp,0.05,5,5,0.1587908700042018,"Assumption-based effect/variance grid; not substantive thresholds, effect estimates or RDD power."
optimistic_all_unknowns_mixed_within_2pp,0.05,5,10,0.4626408118903072,"Assumption-based effect/variance grid; not substantive thresholds, effect estimates or RDD power."
optimistic_all_unknowns_mixed_within_2pp,0.05,5,20,0.947937754539075,"Assumption-based effect/variance grid; not substantive thresholds, effect estimates or RDD power."
optimistic_all_unknowns_mixed_within_2pp,0.05,10,5,0.07684904995936034,"Assumption-based effect/variance grid; not substantive thresholds, effect estimates or RDD power."
optimistic_all_unknowns_mixed_within_2pp,0.05,10,10,0.1587908700042018,"Assumption-based effect/variance grid; not substantive thresholds, effect estimates or RDD power."
optimistic_all_unknowns_mixed_within_2pp,0.05,10,20,0.4626408118903072,"Assumption-based effect/variance grid; not substantive thresholds, effect estimates or RDD power."
optimistic_all_unknowns_mixed_within_2pp,0.05,20,5,0.05667321426065782,"Assumption-based effect/variance grid; not substantive thresholds, effect estimates or RDD power."
optimistic_all_unknowns_mixed_within_2pp,0.05,20,10,0.07684904995936034,"Assumption-based effect/variance grid; not substantive thresholds, effect estimates or RDD power."
optimistic_all_unknowns_mixed_within_2pp,0.05,20,20,0.1587908700042018,"Assumption-based effect/variance grid; not substantive thresholds, effect estimates or RDD power."
optimistic_all_unknowns_mixed_within_2pp,0.025,5,5,0.08912855286570735,"Assumption-based effect/variance grid; not substantive thresholds, effect estimates or RDD power."
optimistic_all_unknowns_mixed_within_2pp,0.025,5,10,0.3039210698160318,"Assumption-based effect/variance grid; not substantive thresholds, effect estimates or RDD power."
optimistic_all_unknowns_mixed_within_2pp,0.025,5,20,0.8491456761423296,"Assumption-based effect/variance grid; not substantive thresholds, effect estimates or RDD power."
optimistic_all_unknowns_mixed_within_2pp,0.025,10,5,0.04018987152613447,"Assumption-based effect/variance grid; not substantive thresholds, effect estimates or RDD power."
optimistic_all_unknowns_mixed_within_2pp,0.025,10,10,0.08912855286570735,"Assumption-based effect/variance grid; not substantive thresholds, effect estimates or RDD power."
optimistic_all_unknowns_mixed_within_2pp,0.025,10,20,0.3039210698160318,"Assumption-based effect/variance grid; not substantive thresholds, effect estimates or RDD power."
optimistic_all_unknowns_mixed_within_2pp,0.025,20,5,0.028734483918386577,"Assumption-based effect/variance grid; not substantive thresholds, effect estimates or RDD power."
optimistic_all_unknowns_mixed_within_2pp,0.025,20,10,0.04018987152613447,"Assumption-based effect/variance grid; not substantive thresholds, effect estimates or RDD power."
optimistic_all_unknowns_mixed_within_2pp,0.025,20,20,0.08912855286570735,"Assumption-based effect/variance grid; not substantive thresholds, effect estimates or RDD power."
confirmed_within_5pp,0.05,5,5,0.12351134557946661,"Assumption-based effect/variance grid; not substantive thresholds, effect estimates or RDD power."
confirmed_within_5pp,0.05,5,10,0.33274409518635406,"Assumption-based effect/variance grid; not substantive thresholds, effect estimates or RDD power."
confirmed_within_5pp,0.05,5,20,0.8200422305289556,"Assumption-based effect/variance grid; not substantive thresholds, effect estimates or RDD power."
confirmed_within_5pp,0.05,10,5,0.0683575572812817,"Assumption-based effect/variance grid; not substantive thresholds, effect estimates or RDD power."
confirmed_within_5pp,0.05,10,10,0.12351134557946661,"Assumption-based effect/variance grid; not substantive thresholds, effect estimates or RDD power."
confirmed_within_5pp,0.05,10,20,0.33274409518635406,"Assumption-based effect/variance grid; not substantive thresholds, effect estimates or RDD power."
confirmed_within_5pp,0.05,20,5,0.054583656948645365,"Assumption-based effect/variance grid; not substantive thresholds, effect estimates or RDD power."
confirmed_within_5pp,0.05,20,10,0.0683575572812817,"Assumption-based effect/variance grid; not substantive thresholds, effect estimates or RDD power."
confirmed_within_5pp,0.05,20,20,0.12351134557946661,"Assumption-based effect/variance grid; not substantive thresholds, effect estimates or RDD power."
confirmed_within_5pp,0.025,5,5,0.06606269586469242,"Assumption-based effect/variance grid; not substantive thresholds, effect estimates or RDD power."
confirmed_within_5pp,0.025,5,10,0.1970269073831118,"Assumption-based effect/variance grid; not substantive thresholds, effect estimates or RDD power."
confirmed_within_5pp,0.025,5,20,0.6274197886923847,"Assumption-based effect/variance grid; not substantive thresholds, effect estimates or RDD power."
confirmed_within_5pp,0.025,10,5,0.03501561562628054,"Assumption-based effect/variance grid; not substantive thresholds, effect estimates or RDD power."
confirmed_within_5pp,0.025,10,10,0.06606269586469242,"Assumption-based effect/variance grid; not substantive thresholds, effect estimates or RDD power."
confirmed_within_5pp,0.025,10,20,0.1970269073831118,"Assumption-based effect/variance grid; not substantive thresholds, effect estimates or RDD power."
confirmed_within_5pp,0.025,20,5,0.027485648634741566,"Assumption-based effect/variance grid; not substantive thresholds, effect estimates or RDD power."
confirmed_within_5pp,0.025,20,10,0.03501561562628054,"Assumption-based effect/variance grid; not substantive thresholds, effect estimates or RDD power."
confirmed_within_5pp,0.025,20,20,0.06606269586469242,"Assumption-based effect/variance grid; not substantive thresholds, effect estimates or RDD power."
confirmed_within_10pp,0.05,5,5,0.1466090068305796,"Assumption-based effect/variance grid; not substantive thresholds, effect estimates or RDD power."
confirmed_within_10pp,0.05,5,10,0.42229034630373685,"Assumption-based effect/variance grid; not substantive thresholds, effect estimates or RDD power."
confirmed_within_10pp,0.05,5,20,0.9242618635004863,"Assumption-based effect/variance grid; not substantive thresholds, effect estimates or RDD power."
confirmed_within_10pp,0.05,10,5,0.0738469481317203,"Assumption-based effect/variance grid; not substantive thresholds, effect estimates or RDD power."
confirmed_within_10pp,0.05,10,10,0.1466090068305796,"Assumption-based effect/variance grid; not substantive thresholds, effect estimates or RDD power."
confirmed_within_10pp,0.05,10,20,0.42229034630373685,"Assumption-based effect/variance grid; not substantive thresholds, effect estimates or RDD power."
confirmed_within_10pp,0.05,20,5,0.055930328986757594,"Assumption-based effect/variance grid; not substantive thresholds, effect estimates or RDD power."
confirmed_within_10pp,0.05,20,10,0.0738469481317203,"Assumption-based effect/variance grid; not substantive thresholds, effect estimates or RDD power."
confirmed_within_10pp,0.05,20,20,0.1466090068305796,"Assumption-based effect/variance grid; not substantive thresholds, effect estimates or RDD power."
confirmed_within_10pp,0.025,5,5,0.08161517047627873,"Assumption-based effect/variance grid; not substantive thresholds, effect estimates or RDD power."
confirmed_within_10pp,0.025,5,10,0.2721243193545927,"Assumption-based effect/variance grid; not substantive thresholds, effect estimates or RDD power."
confirmed_within_10pp,0.025,5,20,0.8058927191020508,"Assumption-based effect/variance grid; not substantive thresholds, effect estimates or RDD power."
confirmed_within_10pp,0.025,10,5,0.038469916140954186,"Assumption-based effect/variance grid; not substantive thresholds, effect estimates or RDD power."
confirmed_within_10pp,0.025,10,10,0.08161517047627873,"Assumption-based effect/variance grid; not substantive thresholds, effect estimates or RDD power."
confirmed_within_10pp,0.025,10,20,0.2721243193545927,"Assumption-based effect/variance grid; not substantive thresholds, effect estimates or RDD power."
confirmed_within_10pp,0.025,20,5,0.028317391809357606,"Assumption-based effect/variance grid; not substantive thresholds, effect estimates or RDD power."
confirmed_within_10pp,0.025,20,10,0.038469916140954186,"Assumption-based effect/variance grid; not substantive thresholds, effect estimates or RDD power."
confirmed_within_10pp,0.025,20,20,0.08161517047627873,"Assumption-based effect/variance grid; not substantive thresholds, effect estimates or RDD power."
optimistic_all_unknowns_mixed_within_10pp,0.05,5,5,0.9061688695406775,"Assumption-based effect/variance grid; not substantive thresholds, effect estimates or RDD power."
optimistic_all_unknowns_mixed_within_10pp,0.05,5,10,0.9999977975409311,"Assumption-based effect/variance grid; not substantive thresholds, effect estimates or RDD power."
optimistic_all_unknowns_mixed_within_10pp,0.05,5,20,0.9999999999980005,"Assumption-based effect/variance grid; not substantive thresholds, effect estimates or RDD power."
optimistic_all_unknowns_mixed_within_10pp,0.05,10,5,0.37435784871121636,"Assumption-based effect/variance grid; not substantive thresholds, effect estimates or RDD power."
optimistic_all_unknowns_mixed_within_10pp,0.05,10,10,0.9061688695406775,"Assumption-based effect/variance grid; not substantive thresholds, effect estimates or RDD power."
optimistic_all_unknowns_mixed_within_10pp,0.05,10,20,0.9999977975409311,"Assumption-based effect/variance grid; not substantive thresholds, effect estimates or RDD power."
optimistic_all_unknowns_mixed_within_10pp,0.05,20,5,0.12981139803056002,"Assumption-based effect/variance grid; not substantive thresholds, effect estimates or RDD power."
optimistic_all_unknowns_mixed_within_10pp,0.05,20,10,0.37435784871121636,"Assumption-based effect/variance grid; not substantive thresholds, effect estimates or RDD power."
optimistic_all_unknowns_mixed_within_10pp,0.05,20,20,0.9061688695406775,"Assumption-based effect/variance grid; not substantive thresholds, effect estimates or RDD power."
optimistic_all_unknowns_mixed_within_10pp,0.025,5,5,0.8444709385705819,"Assumption-based effect/variance grid; not substantive thresholds, effect estimates or RDD power."
optimistic_all_unknowns_mixed_within_10pp,0.025,5,10,0.9999898670721671,"Assumption-based effect/variance grid; not substantive thresholds, effect estimates or RDD power."
optimistic_all_unknowns_mixed_within_10pp,0.025,5,20,0.9999999999980005,"Assumption-based effect/variance grid; not substantive thresholds, effect estimates or RDD power."
optimistic_all_unknowns_mixed_within_10pp,0.025,10,5,0.26982317896898095,"Assumption-based effect/variance grid; not substantive thresholds, effect estimates or RDD power."
optimistic_all_unknowns_mixed_within_10pp,0.025,10,10,0.8444709385705819,"Assumption-based effect/variance grid; not substantive thresholds, effect estimates or RDD power."
optimistic_all_unknowns_mixed_within_10pp,0.025,10,20,0.9999898670721671,"Assumption-based effect/variance grid; not substantive thresholds, effect estimates or RDD power."
optimistic_all_unknowns_mixed_within_10pp,0.025,20,5,0.0778708904802358,"Assumption-based effect/variance grid; not substantive thresholds, effect estimates or RDD power."
optimistic_all_unknowns_mixed_within_10pp,0.025,20,10,0.26982317896898095,"Assumption-based effect/variance grid; not substantive thresholds, effect estimates or RDD power."
optimistic_all_unknowns_mixed_within_10pp,0.025,20,20,0.8444709385705819,"Assumption-based effect/variance grid; not substantive thresholds, effect estimates or RDD power."
provisionally_linked_candidate_window,0.05,5,5,0.06572321839367196,"Assumption-based effect/variance grid; not substantive thresholds, effect estimates or RDD power."
provisionally_linked_candidate_window,0.05,5,10,0.10464568059749838,"Assumption-based effect/variance grid; not substantive thresholds, effect estimates or RDD power."
provisionally_linked_candidate_window,0.05,5,20,0.2022575384261023,"Assumption-based effect/variance grid; not substantive thresholds, effect estimates or RDD power."
provisionally_linked_candidate_window,0.05,10,5,0.05409216513703947,"Assumption-based effect/variance grid; not substantive thresholds, effect estimates or RDD power."
provisionally_linked_candidate_window,0.05,10,10,0.06572321839367196,"Assumption-based effect/variance grid; not substantive thresholds, effect estimates or RDD power."
provisionally_linked_candidate_window,0.05,10,20,0.10464568059749838,"Assumption-based effect/variance grid; not substantive thresholds, effect estimates or RDD power."
provisionally_linked_candidate_window,0.05,20,5,0.051033756952311826,"Assumption-based effect/variance grid; not substantive thresholds, effect estimates or RDD power."
provisionally_linked_candidate_window,0.05,20,10,0.05409216513703947,"Assumption-based effect/variance grid; not substantive thresholds, effect estimates or RDD power."
provisionally_linked_candidate_window,0.05,20,20,0.06572321839367196,"Assumption-based effect/variance grid; not substantive thresholds, effect estimates or RDD power."
provisionally_linked_candidate_window,0.025,5,5,0.032890004304147076,"Assumption-based effect/variance grid; not substantive thresholds, effect estimates or RDD power."
provisionally_linked_candidate_window,0.025,5,10,0.0524654817342887,"Assumption-based effect/variance grid; not substantive thresholds, effect estimates or RDD power."
provisionally_linked_candidate_window,0.025,5,20,0.10203580109339008,"Assumption-based effect/variance grid; not substantive thresholds, effect estimates or RDD power."
provisionally_linked_candidate_window,0.025,10,5,0.027052673259503418,"Assumption-based effect/variance grid; not substantive thresholds, effect estimates or RDD power."
provisionally_linked_candidate_window,0.025,10,10,0.032890004304147076,"Assumption-based effect/variance grid; not substantive thresholds, effect estimates or RDD power."
provisionally_linked_candidate_window,0.025,10,20,0.0524654817342887,"Assumption-based effect/variance grid; not substantive thresholds, effect estimates or RDD power."
provisionally_linked_candidate_window,0.025,20,5,0.025518493392636947,"Assumption-based effect/variance grid; not substantive thresholds, effect estimates or RDD power."
provisionally_linked_candidate_window,0.025,20,10,0.027052673259503418,"Assumption-based effect/variance grid; not substantive thresholds, effect estimates or RDD power."
provisionally_linked_candidate_window,0.025,20,20,0.032890004304147076,"Assumption-based effect/variance grid; not substantive thresholds, effect estimates or RDD power."
