metric,count
municipal_universe_entries,396
official_elections_held,380
official_no_election_entries,16
excluded_county_office_entries,31
details_validated,380
official_candidate_records,1349
municipal_scope_counts_district_municipality,358
municipal_scope_counts_archive_city_mayor,22
runoffs,117
first_round_decisions,263
single_candidate_elections,41
single_candidate_elections_with_non_candidate_valid_votes,40
two_candidate_decisive_pairs,214
all_pair_margin_counts_1,4
all_pair_margin_counts_2,15
all_pair_margin_counts_5,34
all_pair_margin_counts_10,55
compiled_full_elections_matched,374
compiled_complete_vote_vectors_matched,380
compiled_decisive_pair_identities_matched,212
gerda_nrw_candidate_rows_all_years,5117
gerda_nrw_candidate_rows_by_year_2009,1218
gerda_nrw_candidate_rows_by_year_2014,671
gerda_nrw_candidate_rows_by_year_2015,524
gerda_nrw_candidate_rows_by_year_2020,1349
gerda_nrw_candidate_rows_by_year_2025,1355
gerda_nrw_gender_source_counts_predicted,5117
gerda_nrw_gender_method_counts_full_de,4612
gerda_nrw_gender_method_counts_full_global,236
gerda_nrw_gender_method_counts_hyphen_first_de,207
gerda_nrw_gender_method_counts_manual,57
gerda_nrw_gender_method_counts_hyphen_first_global,5
gerda_nrw_person_election_rows,1522
gerda_nrw_person_id_methods_candidate_name,1512
gerda_nrw_person_id_methods_candidate_name_variant_link,10
gerda_nrw_panel_starts_equal_first_observed_election,1522
prediction_mixed_pair_followup_leads,72
prediction_mixed_pair_margin_counts_1,2
prediction_mixed_pair_margin_counts_2,5
prediction_mixed_pair_margin_counts_5,9
prediction_mixed_pair_margin_counts_10,17
verified_main_treatment_assignments,0
complete_actual_terms_verified,0
