task_id,phase,priority,status,depends_on,conditional_depends_on,task,effort_min_workdays,effort_max_workdays,planned_deliverable,acceptance_criterion,condition_or_timebox
FP01,baseline,P0,completed,,,Freeze current acquisition baseline,0.25,0.5,docs/feasibility/baseline-snapshot.md,"Record code commit and source hashes; reconcile 214 pairs, 237 notices, 123 observed units, six elections and open queues.",Ready; documentation and reconciliation only
FP02,definitions,P0,completed,FP01,,Complete targeted literature and design comparison,1,2,docs/feasibility/literature-design-crosswalk.md,Primary methods/outcomes matrix and dated search log cover Italian and German foundations; qualify access limits and novelty.,"Completed 2026-10-05: targeted primary-edition matrix, 9 literature/data queries and pinned responses; Hesse 2018 mayoral precedent and public V1 replication record added. Final-version/access limits and provisional novelty explicit; no replication or causal effects."
FP03,definitions,P0,completed,FP01,,Specify candidate and tenure evidence rules,0.5,1,docs/feasibility/candidate-exposure-codebook.md,"Separate administrative fields, public presentation, predictions, historical relevance, date precision, continuity and uncertainty.",No name/photo inference; accept source evidence only under declared operational measure
FP04,definitions,P0,in_progress,FP02;FP03,,"Specify estimands, units and outcome populations",0.5,1,docs/feasibility/outcome-population-codebook.md,"Define fixed-window municipal ITT versus original-winner exposure; outcome denominators, procedure mapping, timing, weights and turnover.","Draft v0.1 published 2026-10-05: units, proposed equal-election weights, fixed-window assignment through turnover, procedure and conditional tender populations. Primary family, treatment-dependent denominator handling and no-call timestamp remain open; actual dates/censoring are FP08 decisions."
FP05,elections,P0,initial_review_complete,FP03,,Verify all 55 pairs within 10 pp,1.5,3,docs/feasibility/nrw-close-election-evidence-summary.csv,Two candidate dispositions per pair regardless of predictions; verified female wins/losses and unknowns; early checkpoint report.,"All 55/110 dispositions recorded on 2026-10-05. Priority follow-up closes 5 candidate gaps and 4 pairs: 6 mixed, 10 same, 39 unresolved overall; first 15 have 27/30 supported candidates and 3 remaining gaps in Heiden/Viersen. No mixed pair added. Carry open evidence forward; 10 pp is acquisition order, not an RDD bandwidth. Bounded continuation: 6 queries and 2 school originals add no assignments; codebook/worksheet unchanged."
FP06,elections,P1,planned,FP05,,Screen the other 159 pairs,2,4,docs/feasibility/nrw-full-eligibility-summary.csv,All 214 pairs have sourced eligible/ineligible/unresolved dispositions; prediction false negatives and identity exceptions remain visible.,Required before final NRW go; record unavailable evidence rather than manufacturing labels
FP07,coverage,P0,planned,FP04;FP05,,Expand procurement discovery across verified close contests,1,2,docs/feasibility/nrw-expanded-coverage-matrix.csv,Coverage statuses for 17 predicted leads and additional verified close mixed pairs; leads do not determine final eligibility.,"Include competitions, cancellations and no-call procedures; no matching notice is not zero procurement"
FP08,coverage,P0,planned,FP04,,Audit common observation and result-follow-up windows,0.5,1,docs/feasibility/common-window-decision.md,"Verify candidate late-term windows, above-EU coverage, original phase dates, no-call timestamps, cutoff availability and censoring.",Test Nov 2023-Dec 2024 and extension to Oct 2025; Sep 2026 result cutoff remains conditional
FP09,measurement,P0,planned,FP03;FP05;FP08,,Build source-bounded exposure histories,1,2,docs/feasibility/nrw-exposure-history-summary.csv,Evidence supports chosen-window continuity/turnover or bounded uncertainty; initial and renewal dates distinguished.,Exact 2020 entry is not required if uncertainty lies outside a demonstrably supported later window; keep ITT assignment through turnover
FP10,measurement,P1,planned,FP04;FP08,,Disposition five timing and 37 buyer-scope cases,1,2,docs/feasibility/nrw-exception-disposition.csv,Every existing case resolved or explicitly unresolved; no title-only GUID merges; no-call timing handled separately.,Maximum 12 focused hours: triage 5 timing at ~30 min and 37 scope at ~10 min; stop remaining low-yield searches
FP11,acquisition,P0,planned,FP07;FP08,,Acquire common-window cohort and baseline covariates,2,4,docs/feasibility/common-window-source-manifest.csv,"Pinned competition/result/correction/cancellation/no-call sources, supported buyer mappings and dated pre-election municipal covariate inventory; reporting coverage and retrieval failures logged.",Use documented public routes; existing protected-source limitations remain recorded
FP12,construction,P0,planned,FP04;FP10;FP11,,Deduplicate and normalize procurement units,2,4,docs/feasibility/procurement-unit-audit.md,"Version and phase graph reconciles source notices with procedures, lots, results and contracts; unresolved collisions stay separate.",Do not treat repeated lot counts or supplier blocks as independent assignments
FP13,measurement,P1,planned,FP04;FP11,,Audit strategic-criteria measurement,0.5,1,docs/feasibility/strategic-criteria-measurement-audit.md,Prespecified source audit supports a comparable documented criterion measure or records exclusion from confirmatory scope.,Environmental/social/innovation extension is conditional; blank fields do not imply absence
FP14,feasibility,P0,planned,FP06;FP09;FP12;FP13,,Freeze feasibility samples and attrition,1,2,docs/feasibility/feasibility-sample-audit.md,"Source-pinned outcome-specific samples report independent elections, municipalities, cutoff sides, missingness, coverage and exclusions.",Unknown evidence and unsuccessful searches remain explicit; public output follows redistribution rules
FP15,feasibility,P0,planned,FP04;FP14,,Assess precision and design validity,1,2,docs/feasibility/precision-and-design-audit.md,"Dependence-aware MDE simulations use exact margins and election/municipality assignments; effect thresholds, power, alpha and selection limits documented.",No main treatment-effect estimation to tune windows or outcomes; report discrete-margin and small-cluster limits
FP16,decision,P0,planned,FP02;FP15,,Record go/adapt/stop decision,0.5,1,docs/feasibility/go-adapt-stop.md,Name viable core outcomes and failed gates; justify precision and design; select one bounded next route.,"Go is conditional on measurement, coverage, support and useful precision"
FP17,expansion,P1,conditional,FP16,,Audit one expansion route and reassess,3,5,docs/feasibility/expansion-decision.md,Bounded Bavaria-first or comparable-cohort access/sample audit; pooling justified; larger collection has separate budget and renewed gates.,"Only on adapt; 3-5 days cover an audit, not a full additional state dataset"
FP18,preregistration,P0,conditional,FP16,FP17,Freeze preregistration and analysis environment,1,2,docs/preregistration.md,"Dated immutable specification records outcomes, eligibility, units, windows, estimands, weights, inference, diagnostics and deviations; versions pinned.","Only after go, or successful FP17 reassessment; distinguish GitHub timestamp from formal registry submission"
FP19,main-study,P0,conditional,FP18,,Build and freeze main analysis dataset,2,4,analysis/README.md,Construction runs reproducibly from pinned permitted sources; exclusions and output populations agree with frozen protocol.,Raw/interim data remain local; changes from feasibility construction are logged
FP20,main-study,P0,conditional,FP19,,Estimate primary RDD and diagnostics,2,4,outputs/analysis/,"Local-linear estimates and robust uncertainty report assignment/cluster counts, diagnostics and outcome-specific interpretation.",Generated local output; public results released only as permitted aggregates
FP21,main-study,P0,conditional,FP20,,Run prespecified robustness and sensitivities,2,3,docs/analysis-specification-ledger.md,"Full planned specification ledger covers windows, turnover, scope, weighting, missingness, bandwidth and inference; failures and explorations identified.",No specification selection by significance; potential mediators need separate estimands
FP22,completion,P0,conditional,FP21,,Complete manuscript and reproduction review,3,5,manuscript/README.md,"Manuscript and checked figures/tables agree with clean reproduction; attribution, limits, versions and departures documented.",Research completion gate for Pages
FP23,publication,P2,deferred,FP22,,Build and release GitHub Pages companion,2,4,website/,"Interactive artifact views reconcile with final research, show samples and uncertainty, and pass disclosure, accessibility and subpath checks.",Only after research completion; use approved artifacts and specification results
