query_id,batch_id,requested_at_utc,purpose,query,domains,disposition,response_local_file,response_sha256
continuation-search-1-q1,continuation-search-1,2026-10-05T20:00:01+00:00,candidate_evidence,"""Christoph Hopp"" ""2020"" ""Herr"" Viersen Schule",[],No admissible new candidate presentation; historical context or irrelevant identity/secondary lead only.,outputs/research-continuation-2026-10-05/continuation-search-1.json,5fe2c0e4fca68cdf93eedc917de64107196fc8d8e2479c7c95445d1dd9aeb04e
continuation-search-1-q2,continuation-search-1,2026-10-05T20:00:01+00:00,candidate_evidence,"""Voßkamp"" ""2020"" ""Herr"" Heiden Haushalt PDF",[],No admissible new candidate presentation; historical context or irrelevant identity/secondary lead only.,outputs/research-continuation-2026-10-05/continuation-search-1.json,5fe2c0e4fca68cdf93eedc917de64107196fc8d8e2479c7c95445d1dd9aeb04e
continuation-search-1-q3,continuation-search-1,2026-10-05T20:00:01+00:00,candidate_evidence,"""Andreas Berger"" ""2020"" Heiden Gemeinde PDF",[],No admissible new candidate presentation; historical context or irrelevant identity/secondary lead only.,outputs/research-continuation-2026-10-05/continuation-search-1.json,5fe2c0e4fca68cdf93eedc917de64107196fc8d8e2479c7c95445d1dd9aeb04e
continuation-search-2-q1,continuation-search-2,2026-10-05T20:03:11+00:00,candidate_evidence,"site:evr-viersen.de ""2020"" ""Hopp""",[],No admissible new candidate presentation; historical context or irrelevant identity/secondary lead only.,outputs/research-continuation-2026-10-05/continuation-search-2.json,eee3667a91508da89a171a2b34d0d208852a818d6b9b5e723b6909761a77e29c
continuation-search-2-q2,continuation-search-2,2026-10-05T20:03:11+00:00,candidate_evidence,"site:heiden.de ""2020"" ""Berger""",[],No admissible new candidate presentation; historical context or irrelevant identity/secondary lead only.,outputs/research-continuation-2026-10-05/continuation-search-2.json,eee3667a91508da89a171a2b34d0d208852a818d6b9b5e723b6909761a77e29c
continuation-search-2-q3,continuation-search-2,2026-10-05T20:03:11+00:00,candidate_evidence,"site:heiden.de ""2020"" ""Voßkamp""",[],No admissible new candidate presentation; historical context or irrelevant identity/secondary lead only.,outputs/research-continuation-2026-10-05/continuation-search-2.json,eee3667a91508da89a171a2b34d0d208852a818d6b9b5e723b6909761a77e29c
continuation-search-2-q4,continuation-search-2,2026-10-05T20:03:11+00:00,literature_and_data,"""Baskaran"" ""Hessami"" ""Women in Politics"" 15983 pdf",[],Discovery for primary methods/version/replication review; no systematic-review or absence claim.,outputs/research-continuation-2026-10-05/continuation-search-2.json,eee3667a91508da89a171a2b34d0d208852a818d6b9b5e723b6909761a77e29c
continuation-search-3-q1,continuation-search-3,2026-10-05T20:03:25+00:00,literature_and_data,"""female mayors"" ""public procurement"" Germany",[],Discovery for primary methods/version/replication review; no systematic-review or absence claim.,outputs/research-continuation-2026-10-05/continuation-search-3.json,f89e93f6a436e73f55cc645330f33d85afeedd2c200f2b8c1e9a753b59d43651
continuation-search-3-q2,continuation-search-3,2026-10-05T20:03:25+00:00,literature_and_data,Bürgermeisterinnen Vergabe Beschaffung Deutschland Studie,[],Discovery for primary methods/version/replication review; no systematic-review or absence claim.,outputs/research-continuation-2026-10-05/continuation-search-3.json,f89e93f6a436e73f55cc645330f33d85afeedd2c200f2b8c1e9a753b59d43651
continuation-search-3-q3,continuation-search-3,2026-10-05T20:03:25+00:00,literature_and_data,"""Women in Political Bodies as Policymakers"" 2025 replication pdf",[],Discovery for primary methods/version/replication review; no systematic-review or absence claim.,outputs/research-continuation-2026-10-05/continuation-search-3.json,f89e93f6a436e73f55cc645330f33d85afeedd2c200f2b8c1e9a753b59d43651
continuation-search-3-q4,continuation-search-3,2026-10-05T20:03:25+00:00,literature_and_data,"""Will Women Executives Reduce Corruption"" pdf Bauhr Charron",[],Discovery for primary methods/version/replication review; no systematic-review or absence claim.,outputs/research-continuation-2026-10-05/continuation-search-3.json,f89e93f6a436e73f55cc645330f33d85afeedd2c200f2b8c1e9a753b59d43651
continuation-search-4-q1,continuation-search-4,2026-10-05T20:07:03+00:00,literature_and_data,"""female mayors"" ""Germany"" ""procurement"" regression discontinuity",[],Discovery for primary methods/version/replication review; no systematic-review or absence claim.,outputs/research-continuation-2026-10-05/continuation-search-4.json,42047261a65bd55cc4d2ad27030f53609bf085a6bb895141094b6ba4ffc72b5b
continuation-search-4-q2,continuation-search-4,2026-10-05T20:07:03+00:00,literature_and_data,"""Bürgermeisterinnen"" ""Vergabe"" ""Studie""",[],Discovery for primary methods/version/replication review; no systematic-review or absence claim.,outputs/research-continuation-2026-10-05/continuation-search-4.json,42047261a65bd55cc4d2ad27030f53609bf085a6bb895141094b6ba4ffc72b5b
continuation-search-4-q3,continuation-search-4,2026-10-05T20:07:03+00:00,literature_and_data,"""Hessami"" ""Lopes da Fonseca"" ""2020"" ""Female Political Representation""",[],Discovery for primary methods/version/replication review; no systematic-review or absence claim.,outputs/research-continuation-2026-10-05/continuation-search-4.json,42047261a65bd55cc4d2ad27030f53609bf085a6bb895141094b6ba4ffc72b5b
continuation-search-4-q4,continuation-search-4,2026-10-05T20:07:03+00:00,literature_and_data,"""GERDA: German Election Database"" 2025",[],Discovery for primary methods/version/replication review; no systematic-review or absence claim.,outputs/research-continuation-2026-10-05/continuation-search-4.json,42047261a65bd55cc4d2ad27030f53609bf085a6bb895141094b6ba4ffc72b5b
