scenario,female_wins,female_losses,alpha,assumed_municipal_sd_pp,gaussian_t_mde_sd,gaussian_t_mde_pp,within_0_to_100pp_range,interpretation
Confirmed NRW ≤2 pp,1,3,0.05,5,6.528087099409857,32.64043549704929,True,assumed_Gaussian_benchmark_not_RDD_or_effect_estimate
Confirmed NRW ≤2 pp,1,3,0.05,10,6.528087099409857,65.28087099409858,True,assumed_Gaussian_benchmark_not_RDD_or_effect_estimate
Confirmed NRW ≤2 pp,1,3,0.05,20,6.528087099409857,130.56174198819716,False,assumed_Gaussian_benchmark_not_RDD_or_effect_estimate
Confirmed NRW ≤2 pp,1,3,0.025,5,9.249640736297716,46.248203681488576,True,assumed_Gaussian_benchmark_not_RDD_or_effect_estimate
Confirmed NRW ≤2 pp,1,3,0.025,10,9.249640736297716,92.49640736297715,True,assumed_Gaussian_benchmark_not_RDD_or_effect_estimate
Confirmed NRW ≤2 pp,1,3,0.025,20,9.249640736297716,184.9928147259543,False,assumed_Gaussian_benchmark_not_RDD_or_effect_estimate
Conditional NRW maximum ≤2 pp,3,3,0.05,5,3.070892266437878,15.354461332189391,True,assumed_Gaussian_benchmark_not_RDD_or_effect_estimate
Conditional NRW maximum ≤2 pp,3,3,0.05,10,3.070892266437878,30.708922664378782,True,assumed_Gaussian_benchmark_not_RDD_or_effect_estimate
Conditional NRW maximum ≤2 pp,3,3,0.05,20,3.070892266437878,61.417845328757565,True,assumed_Gaussian_benchmark_not_RDD_or_effect_estimate
Conditional NRW maximum ≤2 pp,3,3,0.025,5,3.742784133076185,18.713920665380925,True,assumed_Gaussian_benchmark_not_RDD_or_effect_estimate
Conditional NRW maximum ≤2 pp,3,3,0.025,10,3.742784133076185,37.42784133076185,True,assumed_Gaussian_benchmark_not_RDD_or_effect_estimate
Conditional NRW maximum ≤2 pp,3,3,0.025,20,3.742784133076185,74.8556826615237,True,assumed_Gaussian_benchmark_not_RDD_or_effect_estimate
Conditional NRW + named Bavaria maximum ≤2 pp,6,6,0.05,5,1.7955409206192934,8.977704603096466,True,assumed_Gaussian_benchmark_not_RDD_or_effect_estimate
Conditional NRW + named Bavaria maximum ≤2 pp,6,6,0.05,10,1.7955409206192934,17.955409206192932,True,assumed_Gaussian_benchmark_not_RDD_or_effect_estimate
Conditional NRW + named Bavaria maximum ≤2 pp,6,6,0.05,20,1.7955409206192934,35.910818412385865,True,assumed_Gaussian_benchmark_not_RDD_or_effect_estimate
Conditional NRW + named Bavaria maximum ≤2 pp,6,6,0.025,5,2.0441844546299834,10.220922273149917,True,assumed_Gaussian_benchmark_not_RDD_or_effect_estimate
Conditional NRW + named Bavaria maximum ≤2 pp,6,6,0.025,10,2.0441844546299834,20.441844546299833,True,assumed_Gaussian_benchmark_not_RDD_or_effect_estimate
Conditional NRW + named Bavaria maximum ≤2 pp,6,6,0.025,20,2.0441844546299834,40.88368909259967,True,assumed_Gaussian_benchmark_not_RDD_or_effect_estimate
